ISO-10303-21;
HEADER;
/* Generated by software containing ST-Developer
 * from STEP Tools, Inc. (www.steptools.com) 
 */

FILE_DESCRIPTION(
/* description */ ('',
'CAx-IF Rec.Pracs.---Representation and Presentation of Product Manufa
cturing Information (PMI)---4.0---2014-10-13'),
/* implementation_level */ '2;1');

FILE_NAME(
/* name */ 'support platine.step',
/* time_stamp */ '2025-03-16T22:54:20+01:00',
/* author */ (''),
/* organization */ (''),
/* preprocessor_version */ 'ST-DEVELOPER v20',
/* originating_system */ 'Autodesk Translation Framework v13.20.0.188',

/* authorisation */ '');

FILE_SCHEMA (('AP242_MANAGED_MODEL_BASED_3D_ENGINEERING_MIM_LF { 1 0 10303 442 1 1 4 }'));
ENDSEC;

DATA;
#10=MECHANICAL_DESIGN_GEOMETRIC_PRESENTATION_REPRESENTATION('',(#25,#26,
#27,#28),#2826);
#11=SHAPE_REPRESENTATION_RELATIONSHIP('SRR','None',#2833,#12);
#12=ADVANCED_BREP_SHAPE_REPRESENTATION('',(#29,#30,#31,#32),#2825);
#13=ELLIPSE('',#1784,0.353553390593273,0.25);
#14=ELLIPSE('',#1790,0.353553390593273,0.25);
#15=ELLIPSE('',#1792,0.353553390593275,0.25);
#16=ELLIPSE('',#1794,0.353553390593275,0.25);
#17=ELLIPSE('',#1810,0.353553390593274,0.25);
#18=ELLIPSE('',#1816,0.353553390593274,0.25);
#19=ELLIPSE('',#1818,0.353553390593275,0.25);
#20=ELLIPSE('',#1820,0.353553390593275,0.25);
#21=ELLIPSE('',#1835,0.353553390593274,0.25);
#22=ELLIPSE('',#1836,0.353553390593276,0.25);
#23=ELLIPSE('',#1844,0.353553390593274,0.25);
#24=ELLIPSE('',#1846,0.353553390593275,0.25);
#25=STYLED_ITEM('',(#2842),#29);
#26=STYLED_ITEM('',(#2842),#30);
#27=STYLED_ITEM('',(#2842),#31);
#28=STYLED_ITEM('',(#2842),#32);
#29=MANIFOLD_SOLID_BREP('Cadre',#1700);
#30=MANIFOLD_SOLID_BREP('Bourrelet',#1701);
#31=MANIFOLD_SOLID_BREP('Bourrelet 2',#1702);
#32=MANIFOLD_SOLID_BREP('Bourrelet 3',#1703);
#33=PLANE('',#1724);
#34=PLANE('',#1731);
#35=PLANE('',#1732);
#36=PLANE('',#1733);
#37=PLANE('',#1734);
#38=PLANE('',#1735);
#39=PLANE('',#1736);
#40=PLANE('',#1737);
#41=PLANE('',#1738);
#42=PLANE('',#1739);
#43=PLANE('',#1740);
#44=PLANE('',#1741);
#45=PLANE('',#1742);
#46=PLANE('',#1743);
#47=PLANE('',#1744);
#48=PLANE('',#1745);
#49=PLANE('',#1746);
#50=PLANE('',#1747);
#51=PLANE('',#1748);
#52=PLANE('',#1749);
#53=PLANE('',#1750);
#54=PLANE('',#1751);
#55=PLANE('',#1752);
#56=PLANE('',#1753);
#57=PLANE('',#1754);
#58=PLANE('',#1755);
#59=PLANE('',#1756);
#60=PLANE('',#1757);
#61=PLANE('',#1758);
#62=PLANE('',#1759);
#63=PLANE('',#1760);
#64=PLANE('',#1761);
#65=PLANE('',#1762);
#66=PLANE('',#1763);
#67=PLANE('',#1764);
#68=PLANE('',#1765);
#69=PLANE('',#1766);
#70=PLANE('',#1767);
#71=PLANE('',#1768);
#72=PLANE('',#1769);
#73=PLANE('',#1770);
#74=PLANE('',#1771);
#75=PLANE('',#1772);
#76=PLANE('',#1773);
#77=PLANE('',#1774);
#78=PLANE('',#1775);
#79=PLANE('',#1776);
#80=PLANE('',#1777);
#81=PLANE('',#1778);
#82=PLANE('',#1779);
#83=PLANE('',#1780);
#84=PLANE('',#1781);
#85=PLANE('',#1802);
#86=PLANE('',#1803);
#87=PLANE('',#1804);
#88=PLANE('',#1805);
#89=PLANE('',#1807);
#90=PLANE('',#1828);
#91=PLANE('',#1830);
#92=PLANE('',#1831);
#93=PLANE('',#1832);
#94=PLANE('',#1833);
#95=PLANE('',#1854);
#96=PLANE('',#1856);
#97=PLANE('',#1857);
#98=PLANE('',#1858);
#99=PLANE('',#1859);
#100=LINE('',#2349,#292);
#101=LINE('',#2362,#293);
#102=LINE('',#2367,#294);
#103=LINE('',#2369,#295);
#104=LINE('',#2370,#296);
#105=LINE('',#2372,#297);
#106=LINE('',#2374,#298);
#107=LINE('',#2376,#299);
#108=LINE('',#2378,#300);
#109=LINE('',#2380,#301);
#110=LINE('',#2382,#302);
#111=LINE('',#2383,#303);
#112=LINE('',#2386,#304);
#113=LINE('',#2388,#305);
#114=LINE('',#2389,#306);
#115=LINE('',#2392,#307);
#116=LINE('',#2394,#308);
#117=LINE('',#2395,#309);
#118=LINE('',#2398,#310);
#119=LINE('',#2400,#311);
#120=LINE('',#2401,#312);
#121=LINE('',#2405,#313);
#122=LINE('',#2406,#314);
#123=LINE('',#2407,#315);
#124=LINE('',#2410,#316);
#125=LINE('',#2412,#317);
#126=LINE('',#2414,#318);
#127=LINE('',#2416,#319);
#128=LINE('',#2417,#320);
#129=LINE('',#2420,#321);
#130=LINE('',#2422,#322);
#131=LINE('',#2424,#323);
#132=LINE('',#2425,#324);
#133=LINE('',#2428,#325);
#134=LINE('',#2430,#326);
#135=LINE('',#2431,#327);
#136=LINE('',#2434,#328);
#137=LINE('',#2436,#329);
#138=LINE('',#2438,#330);
#139=LINE('',#2440,#331);
#140=LINE('',#2442,#332);
#141=LINE('',#2444,#333);
#142=LINE('',#2446,#334);
#143=LINE('',#2448,#335);
#144=LINE('',#2450,#336);
#145=LINE('',#2452,#337);
#146=LINE('',#2454,#338);
#147=LINE('',#2456,#339);
#148=LINE('',#2457,#340);
#149=LINE('',#2460,#341);
#150=LINE('',#2462,#342);
#151=LINE('',#2463,#343);
#152=LINE('',#2466,#344);
#153=LINE('',#2468,#345);
#154=LINE('',#2470,#346);
#155=LINE('',#2472,#347);
#156=LINE('',#2474,#348);
#157=LINE('',#2476,#349);
#158=LINE('',#2478,#350);
#159=LINE('',#2480,#351);
#160=LINE('',#2482,#352);
#161=LINE('',#2484,#353);
#162=LINE('',#2486,#354);
#163=LINE('',#2488,#355);
#164=LINE('',#2490,#356);
#165=LINE('',#2491,#357);
#166=LINE('',#2495,#358);
#167=LINE('',#2497,#359);
#168=LINE('',#2499,#360);
#169=LINE('',#2500,#361);
#170=LINE('',#2503,#362);
#171=LINE('',#2505,#363);
#172=LINE('',#2506,#364);
#173=LINE('',#2509,#365);
#174=LINE('',#2510,#366);
#175=LINE('',#2513,#367);
#176=LINE('',#2514,#368);
#177=LINE('',#2516,#369);
#178=LINE('',#2519,#370);
#179=LINE('',#2521,#371);
#180=LINE('',#2522,#372);
#181=LINE('',#2525,#373);
#182=LINE('',#2526,#374);
#183=LINE('',#2529,#375);
#184=LINE('',#2530,#376);
#185=LINE('',#2532,#377);
#186=LINE('',#2535,#378);
#187=LINE('',#2537,#379);
#188=LINE('',#2538,#380);
#189=LINE('',#2541,#381);
#190=LINE('',#2542,#382);
#191=LINE('',#2545,#383);
#192=LINE('',#2546,#384);
#193=LINE('',#2549,#385);
#194=LINE('',#2550,#386);
#195=LINE('',#2553,#387);
#196=LINE('',#2554,#388);
#197=LINE('',#2556,#389);
#198=LINE('',#2558,#390);
#199=LINE('',#2560,#391);
#200=LINE('',#2561,#392);
#201=LINE('',#2563,#393);
#202=LINE('',#2565,#394);
#203=LINE('',#2566,#395);
#204=LINE('',#2568,#396);
#205=LINE('',#2570,#397);
#206=LINE('',#2571,#398);
#207=LINE('',#2574,#399);
#208=LINE('',#2576,#400);
#209=LINE('',#2577,#401);
#210=LINE('',#2580,#402);
#211=LINE('',#2581,#403);
#212=LINE('',#2584,#404);
#213=LINE('',#2585,#405);
#214=LINE('',#2587,#406);
#215=LINE('',#2589,#407);
#216=LINE('',#2591,#408);
#217=LINE('',#2593,#409);
#218=LINE('',#2597,#410);
#219=LINE('',#2599,#411);
#220=LINE('',#2600,#412);
#221=LINE('',#2603,#413);
#222=LINE('',#2605,#414);
#223=LINE('',#2606,#415);
#224=LINE('',#2609,#416);
#225=LINE('',#2610,#417);
#226=LINE('',#2612,#418);
#227=LINE('',#2615,#419);
#228=LINE('',#2616,#420);
#229=LINE('',#2618,#421);
#230=LINE('',#2620,#422);
#231=LINE('',#2622,#423);
#232=LINE('',#2623,#424);
#233=LINE('',#2625,#425);
#234=LINE('',#2628,#426);
#235=LINE('',#2630,#427);
#236=LINE('',#2631,#428);
#237=LINE('',#2633,#429);
#238=LINE('',#2635,#430);
#239=LINE('',#2639,#431);
#240=LINE('',#2641,#432);
#241=LINE('',#2642,#433);
#242=LINE('',#2644,#434);
#243=LINE('',#2646,#435);
#244=LINE('',#2652,#436);
#245=LINE('',#2656,#437);
#246=LINE('',#2666,#438);
#247=LINE('',#2668,#439);
#248=LINE('',#2672,#440);
#249=LINE('',#2674,#441);
#250=LINE('',#2678,#442);
#251=LINE('',#2680,#443);
#252=LINE('',#2684,#444);
#253=LINE('',#2687,#445);
#254=LINE('',#2695,#446);
#255=LINE('',#2696,#447);
#256=LINE('',#2698,#448);
#257=LINE('',#2700,#449);
#258=LINE('',#2702,#450);
#259=LINE('',#2704,#451);
#260=LINE('',#2710,#452);
#261=LINE('',#2714,#453);
#262=LINE('',#2724,#454);
#263=LINE('',#2726,#455);
#264=LINE('',#2730,#456);
#265=LINE('',#2732,#457);
#266=LINE('',#2736,#458);
#267=LINE('',#2738,#459);
#268=LINE('',#2742,#460);
#269=LINE('',#2745,#461);
#270=LINE('',#2753,#462);
#271=LINE('',#2754,#463);
#272=LINE('',#2756,#464);
#273=LINE('',#2758,#465);
#274=LINE('',#2760,#466);
#275=LINE('',#2762,#467);
#276=LINE('',#2768,#468);
#277=LINE('',#2772,#469);
#278=LINE('',#2776,#470);
#279=LINE('',#2779,#471);
#280=LINE('',#2788,#472);
#281=LINE('',#2790,#473);
#282=LINE('',#2794,#474);
#283=LINE('',#2796,#475);
#284=LINE('',#2800,#476);
#285=LINE('',#2803,#477);
#286=LINE('',#2811,#478);
#287=LINE('',#2812,#479);
#288=LINE('',#2814,#480);
#289=LINE('',#2816,#481);
#290=LINE('',#2817,#482);
#291=LINE('',#2821,#483);
#292=VECTOR('',#1872,0.9);
#293=VECTOR('',#1889,0.9);
#294=VECTOR('',#1896,10.);
#295=VECTOR('',#1897,10.);
#296=VECTOR('',#1898,10.);
#297=VECTOR('',#1899,10.);
#298=VECTOR('',#1900,10.);
#299=VECTOR('',#1901,10.);
#300=VECTOR('',#1902,10.);
#301=VECTOR('',#1903,10.);
#302=VECTOR('',#1904,10.);
#303=VECTOR('',#1905,10.);
#304=VECTOR('',#1908,10.);
#305=VECTOR('',#1909,10.);
#306=VECTOR('',#1910,10.);
#307=VECTOR('',#1913,10.);
#308=VECTOR('',#1914,10.);
#309=VECTOR('',#1915,10.);
#310=VECTOR('',#1918,10.);
#311=VECTOR('',#1919,10.);
#312=VECTOR('',#1920,10.);
#313=VECTOR('',#1923,10.);
#314=VECTOR('',#1924,10.);
#315=VECTOR('',#1925,10.);
#316=VECTOR('',#1928,10.);
#317=VECTOR('',#1929,10.);
#318=VECTOR('',#1930,10.);
#319=VECTOR('',#1931,10.);
#320=VECTOR('',#1932,10.);
#321=VECTOR('',#1935,10.);
#322=VECTOR('',#1936,10.);
#323=VECTOR('',#1937,10.);
#324=VECTOR('',#1938,10.);
#325=VECTOR('',#1941,10.);
#326=VECTOR('',#1942,10.);
#327=VECTOR('',#1943,10.);
#328=VECTOR('',#1946,10.);
#329=VECTOR('',#1947,10.);
#330=VECTOR('',#1948,10.);
#331=VECTOR('',#1949,10.);
#332=VECTOR('',#1950,10.);
#333=VECTOR('',#1951,10.);
#334=VECTOR('',#1952,10.);
#335=VECTOR('',#1953,10.);
#336=VECTOR('',#1954,10.);
#337=VECTOR('',#1955,10.);
#338=VECTOR('',#1956,10.);
#339=VECTOR('',#1957,10.);
#340=VECTOR('',#1958,10.);
#341=VECTOR('',#1961,10.);
#342=VECTOR('',#1962,10.);
#343=VECTOR('',#1963,10.);
#344=VECTOR('',#1966,10.);
#345=VECTOR('',#1967,10.);
#346=VECTOR('',#1968,10.);
#347=VECTOR('',#1969,10.);
#348=VECTOR('',#1970,10.);
#349=VECTOR('',#1971,10.);
#350=VECTOR('',#1972,10.);
#351=VECTOR('',#1973,10.);
#352=VECTOR('',#1974,10.);
#353=VECTOR('',#1975,10.);
#354=VECTOR('',#1976,10.);
#355=VECTOR('',#1977,10.);
#356=VECTOR('',#1978,10.);
#357=VECTOR('',#1979,10.);
#358=VECTOR('',#1982,10.);
#359=VECTOR('',#1983,10.);
#360=VECTOR('',#1984,10.);
#361=VECTOR('',#1985,10.);
#362=VECTOR('',#1988,10.);
#363=VECTOR('',#1989,10.);
#364=VECTOR('',#1990,10.);
#365=VECTOR('',#1993,10.);
#366=VECTOR('',#1994,10.);
#367=VECTOR('',#1997,10.);
#368=VECTOR('',#1998,10.);
#369=VECTOR('',#2001,10.);
#370=VECTOR('',#2004,10.);
#371=VECTOR('',#2005,10.);
#372=VECTOR('',#2006,10.);
#373=VECTOR('',#2009,10.);
#374=VECTOR('',#2010,10.);
#375=VECTOR('',#2013,10.);
#376=VECTOR('',#2014,10.);
#377=VECTOR('',#2017,10.);
#378=VECTOR('',#2020,10.);
#379=VECTOR('',#2021,10.);
#380=VECTOR('',#2022,10.);
#381=VECTOR('',#2025,10.);
#382=VECTOR('',#2026,10.);
#383=VECTOR('',#2029,10.);
#384=VECTOR('',#2030,10.);
#385=VECTOR('',#2033,10.);
#386=VECTOR('',#2034,10.);
#387=VECTOR('',#2037,10.);
#388=VECTOR('',#2038,10.);
#389=VECTOR('',#2041,10.);
#390=VECTOR('',#2042,10.);
#391=VECTOR('',#2043,10.);
#392=VECTOR('',#2044,10.);
#393=VECTOR('',#2045,10.);
#394=VECTOR('',#2046,10.);
#395=VECTOR('',#2047,10.);
#396=VECTOR('',#2048,10.);
#397=VECTOR('',#2049,10.);
#398=VECTOR('',#2050,10.);
#399=VECTOR('',#2053,10.);
#400=VECTOR('',#2054,10.);
#401=VECTOR('',#2055,10.);
#402=VECTOR('',#2058,10.);
#403=VECTOR('',#2059,10.);
#404=VECTOR('',#2062,10.);
#405=VECTOR('',#2063,10.);
#406=VECTOR('',#2066,10.);
#407=VECTOR('',#2069,10.);
#408=VECTOR('',#2072,10.);
#409=VECTOR('',#2075,10.);
#410=VECTOR('',#2080,10.);
#411=VECTOR('',#2081,10.);
#412=VECTOR('',#2082,10.);
#413=VECTOR('',#2085,10.);
#414=VECTOR('',#2086,10.);
#415=VECTOR('',#2087,10.);
#416=VECTOR('',#2090,10.);
#417=VECTOR('',#2091,10.);
#418=VECTOR('',#2094,10.);
#419=VECTOR('',#2097,10.);
#420=VECTOR('',#2098,10.);
#421=VECTOR('',#2101,10.);
#422=VECTOR('',#2102,10.);
#423=VECTOR('',#2103,10.);
#424=VECTOR('',#2104,10.);
#425=VECTOR('',#2107,10.);
#426=VECTOR('',#2110,10.);
#427=VECTOR('',#2111,10.);
#428=VECTOR('',#2112,10.);
#429=VECTOR('',#2115,10.);
#430=VECTOR('',#2118,10.);
#431=VECTOR('',#2123,10.);
#432=VECTOR('',#2124,10.);
#433=VECTOR('',#2125,10.);
#434=VECTOR('',#2128,10.);
#435=VECTOR('',#2131,10.);
#436=VECTOR('',#2138,10.);
#437=VECTOR('',#2141,10.);
#438=VECTOR('',#2154,10.);
#439=VECTOR('',#2155,10.);
#440=VECTOR('',#2160,10.);
#441=VECTOR('',#2161,10.);
#442=VECTOR('',#2166,10.);
#443=VECTOR('',#2167,10.);
#444=VECTOR('',#2172,10.);
#445=VECTOR('',#2175,10.);
#446=VECTOR('',#2186,10.);
#447=VECTOR('',#2187,10.);
#448=VECTOR('',#2190,10.);
#449=VECTOR('',#2193,10.);
#450=VECTOR('',#2196,10.);
#451=VECTOR('',#2199,10.);
#452=VECTOR('',#2206,10.);
#453=VECTOR('',#2209,10.);
#454=VECTOR('',#2222,10.);
#455=VECTOR('',#2223,10.);
#456=VECTOR('',#2228,10.);
#457=VECTOR('',#2229,10.);
#458=VECTOR('',#2234,10.);
#459=VECTOR('',#2235,10.);
#460=VECTOR('',#2240,10.);
#461=VECTOR('',#2243,10.);
#462=VECTOR('',#2254,10.);
#463=VECTOR('',#2255,10.);
#464=VECTOR('',#2258,10.);
#465=VECTOR('',#2261,10.);
#466=VECTOR('',#2264,10.);
#467=VECTOR('',#2267,10.);
#468=VECTOR('',#2274,10.);
#469=VECTOR('',#2277,10.);
#470=VECTOR('',#2282,10.);
#471=VECTOR('',#2285,10.);
#472=VECTOR('',#2296,10.);
#473=VECTOR('',#2297,10.);
#474=VECTOR('',#2302,10.);
#475=VECTOR('',#2303,10.);
#476=VECTOR('',#2308,10.);
#477=VECTOR('',#2311,10.);
#478=VECTOR('',#2322,10.);
#479=VECTOR('',#2323,10.);
#480=VECTOR('',#2326,10.);
#481=VECTOR('',#2329,10.);
#482=VECTOR('',#2330,10.);
#483=VECTOR('',#2337,10.);
#484=CYLINDRICAL_SURFACE('',#1721,0.9);
#485=CYLINDRICAL_SURFACE('',#1729,0.9);
#486=CYLINDRICAL_SURFACE('',#1782,0.25);
#487=CYLINDRICAL_SURFACE('',#1789,0.25);
#488=CYLINDRICAL_SURFACE('',#1791,0.25);
#489=CYLINDRICAL_SURFACE('',#1793,0.25);
#490=CYLINDRICAL_SURFACE('',#1795,0.25);
#491=CYLINDRICAL_SURFACE('',#1801,0.25);
#492=CYLINDRICAL_SURFACE('',#1806,0.75);
#493=CYLINDRICAL_SURFACE('',#1808,0.25);
#494=CYLINDRICAL_SURFACE('',#1815,0.25);
#495=CYLINDRICAL_SURFACE('',#1817,0.25);
#496=CYLINDRICAL_SURFACE('',#1819,0.25);
#497=CYLINDRICAL_SURFACE('',#1821,0.25);
#498=CYLINDRICAL_SURFACE('',#1827,0.25);
#499=CYLINDRICAL_SURFACE('',#1829,0.750000000000001);
#500=CYLINDRICAL_SURFACE('',#1834,0.25);
#501=CYLINDRICAL_SURFACE('',#1837,0.25);
#502=CYLINDRICAL_SURFACE('',#1843,0.25);
#503=CYLINDRICAL_SURFACE('',#1845,0.25);
#504=CYLINDRICAL_SURFACE('',#1847,0.25);
#505=CYLINDRICAL_SURFACE('',#1853,0.25);
#506=CYLINDRICAL_SURFACE('',#1855,0.750000000000001);
#507=FACE_OUTER_BOUND('',#605,.T.);
#508=FACE_OUTER_BOUND('',#606,.T.);
#509=FACE_OUTER_BOUND('',#607,.T.);
#510=FACE_OUTER_BOUND('',#608,.T.);
#511=FACE_OUTER_BOUND('',#609,.T.);
#512=FACE_OUTER_BOUND('',#610,.T.);
#513=FACE_OUTER_BOUND('',#611,.T.);
#514=FACE_OUTER_BOUND('',#612,.T.);
#515=FACE_OUTER_BOUND('',#613,.T.);
#516=FACE_OUTER_BOUND('',#614,.T.);
#517=FACE_OUTER_BOUND('',#615,.T.);
#518=FACE_OUTER_BOUND('',#616,.T.);
#519=FACE_OUTER_BOUND('',#617,.T.);
#520=FACE_OUTER_BOUND('',#618,.T.);
#521=FACE_OUTER_BOUND('',#619,.T.);
#522=FACE_OUTER_BOUND('',#620,.T.);
#523=FACE_OUTER_BOUND('',#621,.T.);
#524=FACE_OUTER_BOUND('',#622,.T.);
#525=FACE_OUTER_BOUND('',#623,.T.);
#526=FACE_OUTER_BOUND('',#624,.T.);
#527=FACE_OUTER_BOUND('',#625,.T.);
#528=FACE_OUTER_BOUND('',#626,.T.);
#529=FACE_OUTER_BOUND('',#627,.T.);
#530=FACE_OUTER_BOUND('',#628,.T.);
#531=FACE_OUTER_BOUND('',#629,.T.);
#532=FACE_OUTER_BOUND('',#630,.T.);
#533=FACE_OUTER_BOUND('',#631,.T.);
#534=FACE_OUTER_BOUND('',#632,.T.);
#535=FACE_OUTER_BOUND('',#633,.T.);
#536=FACE_OUTER_BOUND('',#634,.T.);
#537=FACE_OUTER_BOUND('',#635,.T.);
#538=FACE_OUTER_BOUND('',#636,.T.);
#539=FACE_OUTER_BOUND('',#637,.T.);
#540=FACE_OUTER_BOUND('',#638,.T.);
#541=FACE_OUTER_BOUND('',#639,.T.);
#542=FACE_OUTER_BOUND('',#640,.T.);
#543=FACE_OUTER_BOUND('',#641,.T.);
#544=FACE_OUTER_BOUND('',#642,.T.);
#545=FACE_OUTER_BOUND('',#643,.T.);
#546=FACE_OUTER_BOUND('',#644,.T.);
#547=FACE_OUTER_BOUND('',#645,.T.);
#548=FACE_OUTER_BOUND('',#646,.T.);
#549=FACE_OUTER_BOUND('',#647,.T.);
#550=FACE_OUTER_BOUND('',#648,.T.);
#551=FACE_OUTER_BOUND('',#649,.T.);
#552=FACE_OUTER_BOUND('',#650,.T.);
#553=FACE_OUTER_BOUND('',#651,.T.);
#554=FACE_OUTER_BOUND('',#652,.T.);
#555=FACE_OUTER_BOUND('',#653,.T.);
#556=FACE_OUTER_BOUND('',#654,.T.);
#557=FACE_OUTER_BOUND('',#655,.T.);
#558=FACE_OUTER_BOUND('',#656,.T.);
#559=FACE_OUTER_BOUND('',#657,.T.);
#560=FACE_OUTER_BOUND('',#658,.T.);
#561=FACE_OUTER_BOUND('',#659,.T.);
#562=FACE_OUTER_BOUND('',#660,.T.);
#563=FACE_OUTER_BOUND('',#661,.T.);
#564=FACE_OUTER_BOUND('',#662,.T.);
#565=FACE_OUTER_BOUND('',#663,.T.);
#566=FACE_OUTER_BOUND('',#664,.T.);
#567=FACE_OUTER_BOUND('',#665,.T.);
#568=FACE_OUTER_BOUND('',#666,.T.);
#569=FACE_OUTER_BOUND('',#667,.T.);
#570=FACE_OUTER_BOUND('',#668,.T.);
#571=FACE_OUTER_BOUND('',#669,.T.);
#572=FACE_OUTER_BOUND('',#670,.T.);
#573=FACE_OUTER_BOUND('',#671,.T.);
#574=FACE_OUTER_BOUND('',#672,.T.);
#575=FACE_OUTER_BOUND('',#673,.T.);
#576=FACE_OUTER_BOUND('',#674,.T.);
#577=FACE_OUTER_BOUND('',#675,.T.);
#578=FACE_OUTER_BOUND('',#676,.T.);
#579=FACE_OUTER_BOUND('',#677,.T.);
#580=FACE_OUTER_BOUND('',#678,.T.);
#581=FACE_OUTER_BOUND('',#679,.T.);
#582=FACE_OUTER_BOUND('',#680,.T.);
#583=FACE_OUTER_BOUND('',#681,.T.);
#584=FACE_OUTER_BOUND('',#682,.T.);
#585=FACE_OUTER_BOUND('',#683,.T.);
#586=FACE_OUTER_BOUND('',#684,.T.);
#587=FACE_OUTER_BOUND('',#685,.T.);
#588=FACE_OUTER_BOUND('',#686,.T.);
#589=FACE_OUTER_BOUND('',#687,.T.);
#590=FACE_OUTER_BOUND('',#688,.T.);
#591=FACE_OUTER_BOUND('',#689,.T.);
#592=FACE_OUTER_BOUND('',#690,.T.);
#593=FACE_OUTER_BOUND('',#691,.T.);
#594=FACE_OUTER_BOUND('',#692,.T.);
#595=FACE_OUTER_BOUND('',#693,.T.);
#596=FACE_OUTER_BOUND('',#694,.T.);
#597=FACE_OUTER_BOUND('',#695,.T.);
#598=FACE_OUTER_BOUND('',#696,.T.);
#599=FACE_OUTER_BOUND('',#697,.T.);
#600=FACE_OUTER_BOUND('',#698,.T.);
#601=FACE_OUTER_BOUND('',#699,.T.);
#602=FACE_OUTER_BOUND('',#700,.T.);
#603=FACE_OUTER_BOUND('',#701,.T.);
#604=FACE_OUTER_BOUND('',#702,.T.);
#605=EDGE_LOOP('',(#1120,#1121,#1122,#1123));
#606=EDGE_LOOP('',(#1124,#1125,#1126,#1127,#1128));
#607=EDGE_LOOP('',(#1129));
#608=EDGE_LOOP('',(#1130,#1131,#1132,#1133));
#609=EDGE_LOOP('',(#1134,#1135,#1136,#1137));
#610=EDGE_LOOP('',(#1138));
#611=EDGE_LOOP('',(#1139,#1140,#1141,#1142,#1143,#1144,#1145,#1146,#1147,
#1148,#1149,#1150,#1151));
#612=EDGE_LOOP('',(#1152,#1153,#1154,#1155,#1156));
#613=EDGE_LOOP('',(#1157,#1158,#1159,#1160));
#614=EDGE_LOOP('',(#1161,#1162,#1163,#1164));
#615=EDGE_LOOP('',(#1165,#1166,#1167,#1168,#1169));
#616=EDGE_LOOP('',(#1170,#1171,#1172,#1173,#1174,#1175,#1176,#1177));
#617=EDGE_LOOP('',(#1178,#1179,#1180,#1181,#1182,#1183));
#618=EDGE_LOOP('',(#1184,#1185,#1186,#1187));
#619=EDGE_LOOP('',(#1188,#1189,#1190,#1191,#1192,#1193,#1194,#1195,#1196,
#1197,#1198,#1199,#1200,#1201,#1202,#1203));
#620=EDGE_LOOP('',(#1204,#1205,#1206,#1207));
#621=EDGE_LOOP('',(#1208,#1209,#1210,#1211,#1212,#1213,#1214,#1215,#1216,
#1217,#1218,#1219,#1220,#1221,#1222,#1223));
#622=EDGE_LOOP('',(#1224,#1225,#1226,#1227));
#623=EDGE_LOOP('',(#1228,#1229,#1230,#1231));
#624=EDGE_LOOP('',(#1232,#1233,#1234,#1235));
#625=EDGE_LOOP('',(#1236,#1237,#1238,#1239));
#626=EDGE_LOOP('',(#1240,#1241,#1242,#1243));
#627=EDGE_LOOP('',(#1244,#1245,#1246,#1247,#1248));
#628=EDGE_LOOP('',(#1249,#1250,#1251,#1252));
#629=EDGE_LOOP('',(#1253,#1254,#1255,#1256,#1257));
#630=EDGE_LOOP('',(#1258,#1259,#1260,#1261));
#631=EDGE_LOOP('',(#1262,#1263,#1264,#1265));
#632=EDGE_LOOP('',(#1266,#1267,#1268,#1269));
#633=EDGE_LOOP('',(#1270,#1271,#1272,#1273));
#634=EDGE_LOOP('',(#1274,#1275,#1276,#1277));
#635=EDGE_LOOP('',(#1278,#1279,#1280,#1281,#1282,#1283));
#636=EDGE_LOOP('',(#1284,#1285,#1286,#1287,#1288,#1289,#1290,#1291,#1292,
#1293,#1294,#1295,#1296,#1297,#1298,#1299,#1300,#1301,#1302,#1303));
#637=EDGE_LOOP('',(#1304,#1305,#1306,#1307));
#638=EDGE_LOOP('',(#1308,#1309,#1310,#1311));
#639=EDGE_LOOP('',(#1312,#1313,#1314,#1315));
#640=EDGE_LOOP('',(#1316,#1317,#1318,#1319));
#641=EDGE_LOOP('',(#1320,#1321,#1322,#1323,#1324,#1325));
#642=EDGE_LOOP('',(#1326,#1327,#1328,#1329));
#643=EDGE_LOOP('',(#1330,#1331,#1332,#1333));
#644=EDGE_LOOP('',(#1334,#1335,#1336,#1337));
#645=EDGE_LOOP('',(#1338,#1339,#1340,#1341));
#646=EDGE_LOOP('',(#1342,#1343,#1344,#1345,#1346));
#647=EDGE_LOOP('',(#1347,#1348,#1349,#1350));
#648=EDGE_LOOP('',(#1351,#1352,#1353,#1354,#1355,#1356));
#649=EDGE_LOOP('',(#1357,#1358,#1359,#1360,#1361,#1362));
#650=EDGE_LOOP('',(#1363,#1364,#1365,#1366,#1367,#1368,#1369,#1370,#1371,
#1372,#1373,#1374));
#651=EDGE_LOOP('',(#1375,#1376,#1377,#1378,#1379));
#652=EDGE_LOOP('',(#1380,#1381,#1382,#1383));
#653=EDGE_LOOP('',(#1384,#1385,#1386,#1387));
#654=EDGE_LOOP('',(#1388,#1389,#1390,#1391,#1392,#1393));
#655=EDGE_LOOP('',(#1394,#1395,#1396,#1397,#1398,#1399,#1400,#1401));
#656=EDGE_LOOP('',(#1402,#1403,#1404,#1405));
#657=EDGE_LOOP('',(#1406,#1407,#1408,#1409));
#658=EDGE_LOOP('',(#1410,#1411,#1412,#1413));
#659=EDGE_LOOP('',(#1414,#1415,#1416,#1417));
#660=EDGE_LOOP('',(#1418,#1419,#1420,#1421,#1422,#1423,#1424,#1425));
#661=EDGE_LOOP('',(#1426,#1427,#1428,#1429));
#662=EDGE_LOOP('',(#1430,#1431,#1432,#1433));
#663=EDGE_LOOP('',(#1434,#1435,#1436,#1437));
#664=EDGE_LOOP('',(#1438,#1439,#1440,#1441));
#665=EDGE_LOOP('',(#1442,#1443,#1444,#1445));
#666=EDGE_LOOP('',(#1446,#1447,#1448,#1449));
#667=EDGE_LOOP('',(#1450,#1451,#1452,#1453));
#668=EDGE_LOOP('',(#1454,#1455,#1456,#1457));
#669=EDGE_LOOP('',(#1458,#1459,#1460,#1461));
#670=EDGE_LOOP('',(#1462,#1463,#1464,#1465));
#671=EDGE_LOOP('',(#1466,#1467,#1468,#1469));
#672=EDGE_LOOP('',(#1470,#1471,#1472,#1473));
#673=EDGE_LOOP('',(#1474,#1475,#1476,#1477));
#674=EDGE_LOOP('',(#1478,#1479,#1480,#1481));
#675=EDGE_LOOP('',(#1482,#1483,#1484,#1485));
#676=EDGE_LOOP('',(#1486,#1487,#1488,#1489));
#677=EDGE_LOOP('',(#1490,#1491,#1492,#1493));
#678=EDGE_LOOP('',(#1494,#1495,#1496,#1497));
#679=EDGE_LOOP('',(#1498,#1499,#1500,#1501));
#680=EDGE_LOOP('',(#1502,#1503,#1504,#1505));
#681=EDGE_LOOP('',(#1506,#1507,#1508,#1509));
#682=EDGE_LOOP('',(#1510,#1511,#1512,#1513));
#683=EDGE_LOOP('',(#1514,#1515,#1516,#1517));
#684=EDGE_LOOP('',(#1518,#1519,#1520,#1521));
#685=EDGE_LOOP('',(#1522,#1523,#1524,#1525));
#686=EDGE_LOOP('',(#1526,#1527,#1528,#1529));
#687=EDGE_LOOP('',(#1530,#1531,#1532,#1533));
#688=EDGE_LOOP('',(#1534,#1535,#1536,#1537));
#689=EDGE_LOOP('',(#1538,#1539,#1540,#1541));
#690=EDGE_LOOP('',(#1542,#1543,#1544,#1545));
#691=EDGE_LOOP('',(#1546,#1547,#1548,#1549));
#692=EDGE_LOOP('',(#1550,#1551,#1552,#1553));
#693=EDGE_LOOP('',(#1554,#1555,#1556,#1557));
#694=EDGE_LOOP('',(#1558,#1559,#1560,#1561));
#695=EDGE_LOOP('',(#1562,#1563,#1564,#1565));
#696=EDGE_LOOP('',(#1566,#1567,#1568,#1569));
#697=EDGE_LOOP('',(#1570,#1571,#1572,#1573));
#698=EDGE_LOOP('',(#1574,#1575,#1576,#1577));
#699=EDGE_LOOP('',(#1578,#1579,#1580,#1581));
#700=EDGE_LOOP('',(#1582,#1583,#1584,#1585));
#701=EDGE_LOOP('',(#1586,#1587,#1588,#1589));
#702=EDGE_LOOP('',(#1590,#1591,#1592,#1593));
#703=CIRCLE('',#1718,0.65);
#704=CIRCLE('',#1719,0.25);
#705=CIRCLE('',#1720,0.9);
#706=CIRCLE('',#1722,0.9);
#707=CIRCLE('',#1723,0.9);
#708=CIRCLE('',#1726,0.65);
#709=CIRCLE('',#1727,0.25);
#710=CIRCLE('',#1728,0.9);
#711=CIRCLE('',#1730,0.9);
#712=CIRCLE('',#1783,0.249999999999999);
#713=CIRCLE('',#1786,0.25);
#714=CIRCLE('',#1787,0.5);
#715=CIRCLE('',#1788,0.75);
#716=CIRCLE('',#1796,0.25);
#717=CIRCLE('',#1798,0.25);
#718=CIRCLE('',#1799,0.5);
#719=CIRCLE('',#1800,0.75);
#720=CIRCLE('',#1809,0.249999999999999);
#721=CIRCLE('',#1812,0.249999999999999);
#722=CIRCLE('',#1813,0.750000000000001);
#723=CIRCLE('',#1814,0.500000000000001);
#724=CIRCLE('',#1822,0.25);
#725=CIRCLE('',#1824,0.25);
#726=CIRCLE('',#1825,0.500000000000001);
#727=CIRCLE('',#1826,0.750000000000001);
#728=CIRCLE('',#1838,0.25);
#729=CIRCLE('',#1840,0.25);
#730=CIRCLE('',#1841,0.500000000000001);
#731=CIRCLE('',#1842,0.750000000000001);
#732=CIRCLE('',#1848,0.25);
#733=CIRCLE('',#1850,0.25);
#734=CIRCLE('',#1851,0.500000000000001);
#735=CIRCLE('',#1852,0.750000000000001);
#736=VERTEX_POINT('',#2342);
#737=VERTEX_POINT('',#2344);
#738=VERTEX_POINT('',#2348);
#739=VERTEX_POINT('',#2350);
#740=VERTEX_POINT('',#2355);
#741=VERTEX_POINT('',#2357);
#742=VERTEX_POINT('',#2361);
#743=VERTEX_POINT('',#2366);
#744=VERTEX_POINT('',#2368);
#745=VERTEX_POINT('',#2371);
#746=VERTEX_POINT('',#2373);
#747=VERTEX_POINT('',#2375);
#748=VERTEX_POINT('',#2377);
#749=VERTEX_POINT('',#2379);
#750=VERTEX_POINT('',#2381);
#751=VERTEX_POINT('',#2385);
#752=VERTEX_POINT('',#2387);
#753=VERTEX_POINT('',#2391);
#754=VERTEX_POINT('',#2393);
#755=VERTEX_POINT('',#2397);
#756=VERTEX_POINT('',#2399);
#757=VERTEX_POINT('',#2403);
#758=VERTEX_POINT('',#2404);
#759=VERTEX_POINT('',#2409);
#760=VERTEX_POINT('',#2411);
#761=VERTEX_POINT('',#2413);
#762=VERTEX_POINT('',#2415);
#763=VERTEX_POINT('',#2419);
#764=VERTEX_POINT('',#2421);
#765=VERTEX_POINT('',#2423);
#766=VERTEX_POINT('',#2427);
#767=VERTEX_POINT('',#2429);
#768=VERTEX_POINT('',#2433);
#769=VERTEX_POINT('',#2435);
#770=VERTEX_POINT('',#2437);
#771=VERTEX_POINT('',#2439);
#772=VERTEX_POINT('',#2441);
#773=VERTEX_POINT('',#2443);
#774=VERTEX_POINT('',#2445);
#775=VERTEX_POINT('',#2447);
#776=VERTEX_POINT('',#2449);
#777=VERTEX_POINT('',#2451);
#778=VERTEX_POINT('',#2453);
#779=VERTEX_POINT('',#2455);
#780=VERTEX_POINT('',#2459);
#781=VERTEX_POINT('',#2461);
#782=VERTEX_POINT('',#2465);
#783=VERTEX_POINT('',#2467);
#784=VERTEX_POINT('',#2469);
#785=VERTEX_POINT('',#2471);
#786=VERTEX_POINT('',#2473);
#787=VERTEX_POINT('',#2475);
#788=VERTEX_POINT('',#2477);
#789=VERTEX_POINT('',#2479);
#790=VERTEX_POINT('',#2481);
#791=VERTEX_POINT('',#2483);
#792=VERTEX_POINT('',#2485);
#793=VERTEX_POINT('',#2487);
#794=VERTEX_POINT('',#2489);
#795=VERTEX_POINT('',#2493);
#796=VERTEX_POINT('',#2494);
#797=VERTEX_POINT('',#2496);
#798=VERTEX_POINT('',#2498);
#799=VERTEX_POINT('',#2502);
#800=VERTEX_POINT('',#2504);
#801=VERTEX_POINT('',#2508);
#802=VERTEX_POINT('',#2512);
#803=VERTEX_POINT('',#2518);
#804=VERTEX_POINT('',#2520);
#805=VERTEX_POINT('',#2524);
#806=VERTEX_POINT('',#2528);
#807=VERTEX_POINT('',#2534);
#808=VERTEX_POINT('',#2536);
#809=VERTEX_POINT('',#2540);
#810=VERTEX_POINT('',#2544);
#811=VERTEX_POINT('',#2548);
#812=VERTEX_POINT('',#2552);
#813=VERTEX_POINT('',#2557);
#814=VERTEX_POINT('',#2559);
#815=VERTEX_POINT('',#2562);
#816=VERTEX_POINT('',#2564);
#817=VERTEX_POINT('',#2567);
#818=VERTEX_POINT('',#2569);
#819=VERTEX_POINT('',#2573);
#820=VERTEX_POINT('',#2575);
#821=VERTEX_POINT('',#2579);
#822=VERTEX_POINT('',#2583);
#823=VERTEX_POINT('',#2596);
#824=VERTEX_POINT('',#2598);
#825=VERTEX_POINT('',#2602);
#826=VERTEX_POINT('',#2604);
#827=VERTEX_POINT('',#2608);
#828=VERTEX_POINT('',#2614);
#829=VERTEX_POINT('',#2619);
#830=VERTEX_POINT('',#2621);
#831=VERTEX_POINT('',#2627);
#832=VERTEX_POINT('',#2629);
#833=VERTEX_POINT('',#2638);
#834=VERTEX_POINT('',#2640);
#835=VERTEX_POINT('',#2650);
#836=VERTEX_POINT('',#2651);
#837=VERTEX_POINT('',#2653);
#838=VERTEX_POINT('',#2655);
#839=VERTEX_POINT('',#2659);
#840=VERTEX_POINT('',#2660);
#841=VERTEX_POINT('',#2665);
#842=VERTEX_POINT('',#2667);
#843=VERTEX_POINT('',#2671);
#844=VERTEX_POINT('',#2673);
#845=VERTEX_POINT('',#2677);
#846=VERTEX_POINT('',#2679);
#847=VERTEX_POINT('',#2683);
#848=VERTEX_POINT('',#2685);
#849=VERTEX_POINT('',#2689);
#850=VERTEX_POINT('',#2690);
#851=VERTEX_POINT('',#2708);
#852=VERTEX_POINT('',#2709);
#853=VERTEX_POINT('',#2711);
#854=VERTEX_POINT('',#2713);
#855=VERTEX_POINT('',#2717);
#856=VERTEX_POINT('',#2718);
#857=VERTEX_POINT('',#2723);
#858=VERTEX_POINT('',#2725);
#859=VERTEX_POINT('',#2729);
#860=VERTEX_POINT('',#2731);
#861=VERTEX_POINT('',#2735);
#862=VERTEX_POINT('',#2737);
#863=VERTEX_POINT('',#2741);
#864=VERTEX_POINT('',#2743);
#865=VERTEX_POINT('',#2747);
#866=VERTEX_POINT('',#2748);
#867=VERTEX_POINT('',#2766);
#868=VERTEX_POINT('',#2767);
#869=VERTEX_POINT('',#2769);
#870=VERTEX_POINT('',#2771);
#871=VERTEX_POINT('',#2775);
#872=VERTEX_POINT('',#2777);
#873=VERTEX_POINT('',#2781);
#874=VERTEX_POINT('',#2782);
#875=VERTEX_POINT('',#2787);
#876=VERTEX_POINT('',#2789);
#877=VERTEX_POINT('',#2793);
#878=VERTEX_POINT('',#2795);
#879=VERTEX_POINT('',#2799);
#880=VERTEX_POINT('',#2801);
#881=VERTEX_POINT('',#2805);
#882=VERTEX_POINT('',#2806);
#883=EDGE_CURVE('',#736,#736,#703,.T.);
#884=EDGE_CURVE('',#736,#737,#704,.T.);
#885=EDGE_CURVE('',#737,#737,#705,.T.);
#886=EDGE_CURVE('',#737,#738,#100,.T.);
#887=EDGE_CURVE('',#739,#738,#706,.T.);
#888=EDGE_CURVE('',#738,#739,#707,.T.);
#889=EDGE_CURVE('',#740,#740,#708,.T.);
#890=EDGE_CURVE('',#740,#741,#709,.T.);
#891=EDGE_CURVE('',#741,#741,#710,.T.);
#892=EDGE_CURVE('',#741,#742,#101,.T.);
#893=EDGE_CURVE('',#742,#742,#711,.T.);
#894=EDGE_CURVE('',#739,#743,#102,.T.);
#895=EDGE_CURVE('',#744,#743,#103,.T.);
#896=EDGE_CURVE('',#744,#742,#104,.T.);
#897=EDGE_CURVE('',#742,#745,#105,.T.);
#898=EDGE_CURVE('',#746,#745,#106,.T.);
#899=EDGE_CURVE('',#746,#747,#107,.T.);
#900=EDGE_CURVE('',#748,#747,#108,.T.);
#901=EDGE_CURVE('',#748,#749,#109,.T.);
#902=EDGE_CURVE('',#750,#749,#110,.T.);
#903=EDGE_CURVE('',#750,#739,#111,.T.);
#904=EDGE_CURVE('',#751,#744,#112,.T.);
#905=EDGE_CURVE('',#752,#751,#113,.T.);
#906=EDGE_CURVE('',#745,#752,#114,.T.);
#907=EDGE_CURVE('',#753,#746,#115,.T.);
#908=EDGE_CURVE('',#754,#753,#116,.T.);
#909=EDGE_CURVE('',#754,#747,#117,.T.);
#910=EDGE_CURVE('',#755,#749,#118,.T.);
#911=EDGE_CURVE('',#756,#748,#119,.T.);
#912=EDGE_CURVE('',#755,#756,#120,.T.);
#913=EDGE_CURVE('',#757,#758,#121,.T.);
#914=EDGE_CURVE('',#743,#757,#122,.T.);
#915=EDGE_CURVE('',#758,#750,#123,.T.);
#916=EDGE_CURVE('',#759,#757,#124,.T.);
#917=EDGE_CURVE('',#759,#760,#125,.T.);
#918=EDGE_CURVE('',#761,#760,#126,.T.);
#919=EDGE_CURVE('',#762,#761,#127,.T.);
#920=EDGE_CURVE('',#751,#762,#128,.T.);
#921=EDGE_CURVE('',#749,#763,#129,.T.);
#922=EDGE_CURVE('',#764,#763,#130,.T.);
#923=EDGE_CURVE('',#765,#764,#131,.T.);
#924=EDGE_CURVE('',#758,#765,#132,.T.);
#925=EDGE_CURVE('',#756,#766,#133,.T.);
#926=EDGE_CURVE('',#766,#767,#134,.T.);
#927=EDGE_CURVE('',#767,#755,#135,.T.);
#928=EDGE_CURVE('',#765,#768,#136,.T.);
#929=EDGE_CURVE('',#768,#769,#137,.T.);
#930=EDGE_CURVE('',#769,#770,#138,.T.);
#931=EDGE_CURVE('',#770,#771,#139,.T.);
#932=EDGE_CURVE('',#771,#772,#140,.T.);
#933=EDGE_CURVE('',#772,#773,#141,.T.);
#934=EDGE_CURVE('',#773,#774,#142,.T.);
#935=EDGE_CURVE('',#774,#775,#143,.T.);
#936=EDGE_CURVE('',#775,#776,#144,.T.);
#937=EDGE_CURVE('',#776,#777,#145,.T.);
#938=EDGE_CURVE('',#777,#778,#146,.T.);
#939=EDGE_CURVE('',#778,#779,#147,.T.);
#940=EDGE_CURVE('',#779,#759,#148,.T.);
#941=EDGE_CURVE('',#753,#780,#149,.T.);
#942=EDGE_CURVE('',#780,#781,#150,.T.);
#943=EDGE_CURVE('',#781,#754,#151,.T.);
#944=EDGE_CURVE('',#762,#782,#152,.T.);
#945=EDGE_CURVE('',#782,#783,#153,.T.);
#946=EDGE_CURVE('',#783,#784,#154,.T.);
#947=EDGE_CURVE('',#784,#785,#155,.T.);
#948=EDGE_CURVE('',#785,#786,#156,.T.);
#949=EDGE_CURVE('',#786,#787,#157,.T.);
#950=EDGE_CURVE('',#787,#788,#158,.T.);
#951=EDGE_CURVE('',#788,#789,#159,.T.);
#952=EDGE_CURVE('',#789,#790,#160,.T.);
#953=EDGE_CURVE('',#790,#791,#161,.T.);
#954=EDGE_CURVE('',#791,#792,#162,.T.);
#955=EDGE_CURVE('',#792,#793,#163,.T.);
#956=EDGE_CURVE('',#793,#794,#164,.T.);
#957=EDGE_CURVE('',#794,#752,#165,.T.);
#958=EDGE_CURVE('',#795,#796,#166,.T.);
#959=EDGE_CURVE('',#796,#797,#167,.T.);
#960=EDGE_CURVE('',#797,#798,#168,.T.);
#961=EDGE_CURVE('',#798,#795,#169,.T.);
#962=EDGE_CURVE('',#777,#799,#170,.T.);
#963=EDGE_CURVE('',#800,#799,#171,.T.);
#964=EDGE_CURVE('',#778,#800,#172,.T.);
#965=EDGE_CURVE('',#776,#801,#173,.T.);
#966=EDGE_CURVE('',#799,#801,#174,.T.);
#967=EDGE_CURVE('',#775,#802,#175,.T.);
#968=EDGE_CURVE('',#801,#802,#176,.T.);
#969=EDGE_CURVE('',#802,#800,#177,.T.);
#970=EDGE_CURVE('',#781,#803,#178,.T.);
#971=EDGE_CURVE('',#804,#803,#179,.T.);
#972=EDGE_CURVE('',#747,#804,#180,.T.);
#973=EDGE_CURVE('',#805,#804,#181,.T.);
#974=EDGE_CURVE('',#748,#805,#182,.T.);
#975=EDGE_CURVE('',#806,#805,#183,.T.);
#976=EDGE_CURVE('',#766,#806,#184,.T.);
#977=EDGE_CURVE('',#803,#806,#185,.T.);
#978=EDGE_CURVE('',#787,#807,#186,.T.);
#979=EDGE_CURVE('',#808,#807,#187,.T.);
#980=EDGE_CURVE('',#788,#808,#188,.T.);
#981=EDGE_CURVE('',#809,#808,#189,.T.);
#982=EDGE_CURVE('',#789,#809,#190,.T.);
#983=EDGE_CURVE('',#810,#809,#191,.T.);
#984=EDGE_CURVE('',#790,#810,#192,.T.);
#985=EDGE_CURVE('',#811,#810,#193,.T.);
#986=EDGE_CURVE('',#791,#811,#194,.T.);
#987=EDGE_CURVE('',#807,#812,#195,.T.);
#988=EDGE_CURVE('',#812,#811,#196,.T.);
#989=EDGE_CURVE('',#795,#812,#197,.T.);
#990=EDGE_CURVE('',#786,#813,#198,.T.);
#991=EDGE_CURVE('',#814,#813,#199,.T.);
#992=EDGE_CURVE('',#783,#814,#200,.T.);
#993=EDGE_CURVE('',#782,#815,#201,.T.);
#994=EDGE_CURVE('',#816,#815,#202,.T.);
#995=EDGE_CURVE('',#779,#816,#203,.T.);
#996=EDGE_CURVE('',#774,#817,#204,.T.);
#997=EDGE_CURVE('',#818,#817,#205,.T.);
#998=EDGE_CURVE('',#796,#818,#206,.T.);
#999=EDGE_CURVE('',#770,#819,#207,.T.);
#1000=EDGE_CURVE('',#820,#819,#208,.T.);
#1001=EDGE_CURVE('',#771,#820,#209,.T.);
#1002=EDGE_CURVE('',#821,#820,#210,.T.);
#1003=EDGE_CURVE('',#772,#821,#211,.T.);
#1004=EDGE_CURVE('',#822,#821,#212,.T.);
#1005=EDGE_CURVE('',#773,#822,#213,.T.);
#1006=EDGE_CURVE('',#817,#822,#214,.T.);
#1007=EDGE_CURVE('',#819,#818,#215,.T.);
#1008=EDGE_CURVE('',#760,#816,#216,.T.);
#1009=EDGE_CURVE('',#815,#761,#217,.T.);
#1010=EDGE_CURVE('',#792,#823,#218,.T.);
#1011=EDGE_CURVE('',#824,#823,#219,.T.);
#1012=EDGE_CURVE('',#793,#824,#220,.T.);
#1013=EDGE_CURVE('',#746,#825,#221,.T.);
#1014=EDGE_CURVE('',#826,#825,#222,.T.);
#1015=EDGE_CURVE('',#780,#826,#223,.T.);
#1016=EDGE_CURVE('',#827,#824,#224,.T.);
#1017=EDGE_CURVE('',#794,#827,#225,.T.);
#1018=EDGE_CURVE('',#825,#827,#226,.T.);
#1019=EDGE_CURVE('',#823,#828,#227,.T.);
#1020=EDGE_CURVE('',#828,#826,#228,.T.);
#1021=EDGE_CURVE('',#798,#828,#229,.T.);
#1022=EDGE_CURVE('',#797,#829,#230,.T.);
#1023=EDGE_CURVE('',#830,#829,#231,.T.);
#1024=EDGE_CURVE('',#767,#830,#232,.T.);
#1025=EDGE_CURVE('',#763,#830,#233,.T.);
#1026=EDGE_CURVE('',#768,#831,#234,.T.);
#1027=EDGE_CURVE('',#832,#831,#235,.T.);
#1028=EDGE_CURVE('',#769,#832,#236,.T.);
#1029=EDGE_CURVE('',#831,#764,#237,.T.);
#1030=EDGE_CURVE('',#829,#832,#238,.T.);
#1031=EDGE_CURVE('',#784,#833,#239,.T.);
#1032=EDGE_CURVE('',#834,#833,#240,.T.);
#1033=EDGE_CURVE('',#785,#834,#241,.T.);
#1034=EDGE_CURVE('',#833,#814,#242,.T.);
#1035=EDGE_CURVE('',#813,#834,#243,.T.);
#1036=EDGE_CURVE('',#835,#836,#244,.T.);
#1037=EDGE_CURVE('',#836,#837,#712,.T.);
#1038=EDGE_CURVE('',#837,#838,#245,.T.);
#1039=EDGE_CURVE('',#838,#835,#13,.T.);
#1040=EDGE_CURVE('',#839,#840,#713,.T.);
#1041=EDGE_CURVE('',#840,#837,#714,.T.);
#1042=EDGE_CURVE('',#836,#839,#715,.T.);
#1043=EDGE_CURVE('',#841,#840,#246,.T.);
#1044=EDGE_CURVE('',#839,#842,#247,.T.);
#1045=EDGE_CURVE('',#842,#841,#14,.T.);
#1046=EDGE_CURVE('',#843,#835,#248,.T.);
#1047=EDGE_CURVE('',#838,#844,#249,.T.);
#1048=EDGE_CURVE('',#844,#843,#15,.T.);
#1049=EDGE_CURVE('',#845,#841,#250,.T.);
#1050=EDGE_CURVE('',#842,#846,#251,.T.);
#1051=EDGE_CURVE('',#846,#845,#16,.T.);
#1052=EDGE_CURVE('',#846,#847,#252,.T.);
#1053=EDGE_CURVE('',#847,#848,#716,.T.);
#1054=EDGE_CURVE('',#848,#845,#253,.T.);
#1055=EDGE_CURVE('',#849,#850,#717,.T.);
#1056=EDGE_CURVE('',#850,#848,#718,.T.);
#1057=EDGE_CURVE('',#847,#849,#719,.T.);
#1058=EDGE_CURVE('',#844,#850,#254,.T.);
#1059=EDGE_CURVE('',#849,#843,#255,.T.);
#1060=EDGE_CURVE('',#839,#847,#256,.T.);
#1061=EDGE_CURVE('',#844,#845,#257,.T.);
#1062=EDGE_CURVE('',#841,#838,#258,.T.);
#1063=EDGE_CURVE('',#836,#849,#259,.T.);
#1064=EDGE_CURVE('',#851,#852,#260,.T.);
#1065=EDGE_CURVE('',#852,#853,#720,.T.);
#1066=EDGE_CURVE('',#853,#854,#261,.T.);
#1067=EDGE_CURVE('',#854,#851,#17,.T.);
#1068=EDGE_CURVE('',#855,#856,#721,.T.);
#1069=EDGE_CURVE('',#856,#853,#722,.T.);
#1070=EDGE_CURVE('',#852,#855,#723,.T.);
#1071=EDGE_CURVE('',#857,#856,#262,.T.);
#1072=EDGE_CURVE('',#855,#858,#263,.T.);
#1073=EDGE_CURVE('',#858,#857,#18,.T.);
#1074=EDGE_CURVE('',#859,#851,#264,.T.);
#1075=EDGE_CURVE('',#854,#860,#265,.T.);
#1076=EDGE_CURVE('',#860,#859,#19,.T.);
#1077=EDGE_CURVE('',#861,#857,#266,.T.);
#1078=EDGE_CURVE('',#858,#862,#267,.T.);
#1079=EDGE_CURVE('',#862,#861,#20,.T.);
#1080=EDGE_CURVE('',#860,#863,#268,.T.);
#1081=EDGE_CURVE('',#863,#864,#724,.T.);
#1082=EDGE_CURVE('',#864,#859,#269,.T.);
#1083=EDGE_CURVE('',#865,#866,#725,.T.);
#1084=EDGE_CURVE('',#866,#864,#726,.T.);
#1085=EDGE_CURVE('',#863,#865,#727,.T.);
#1086=EDGE_CURVE('',#862,#866,#270,.T.);
#1087=EDGE_CURVE('',#865,#861,#271,.T.);
#1088=EDGE_CURVE('',#853,#863,#272,.T.);
#1089=EDGE_CURVE('',#856,#865,#273,.T.);
#1090=EDGE_CURVE('',#858,#851,#274,.T.);
#1091=EDGE_CURVE('',#862,#859,#275,.T.);
#1092=EDGE_CURVE('',#867,#868,#276,.T.);
#1093=EDGE_CURVE('',#868,#869,#21,.T.);
#1094=EDGE_CURVE('',#869,#870,#277,.T.);
#1095=EDGE_CURVE('',#870,#867,#22,.T.);
#1096=EDGE_CURVE('',#868,#871,#278,.T.);
#1097=EDGE_CURVE('',#871,#872,#728,.T.);
#1098=EDGE_CURVE('',#872,#869,#279,.T.);
#1099=EDGE_CURVE('',#873,#874,#729,.T.);
#1100=EDGE_CURVE('',#874,#872,#730,.T.);
#1101=EDGE_CURVE('',#871,#873,#731,.T.);
#1102=EDGE_CURVE('',#875,#874,#280,.T.);
#1103=EDGE_CURVE('',#873,#876,#281,.T.);
#1104=EDGE_CURVE('',#876,#875,#23,.T.);
#1105=EDGE_CURVE('',#877,#875,#282,.T.);
#1106=EDGE_CURVE('',#876,#878,#283,.T.);
#1107=EDGE_CURVE('',#878,#877,#24,.T.);
#1108=EDGE_CURVE('',#878,#879,#284,.T.);
#1109=EDGE_CURVE('',#879,#880,#732,.T.);
#1110=EDGE_CURVE('',#880,#877,#285,.T.);
#1111=EDGE_CURVE('',#881,#882,#733,.T.);
#1112=EDGE_CURVE('',#882,#880,#734,.T.);
#1113=EDGE_CURVE('',#879,#881,#735,.T.);
#1114=EDGE_CURVE('',#870,#882,#286,.T.);
#1115=EDGE_CURVE('',#881,#867,#287,.T.);
#1116=EDGE_CURVE('',#870,#877,#288,.T.);
#1117=EDGE_CURVE('',#871,#881,#289,.T.);
#1118=EDGE_CURVE('',#873,#879,#290,.T.);
#1119=EDGE_CURVE('',#875,#869,#291,.T.);
#1120=ORIENTED_EDGE('',*,*,#883,.T.);
#1121=ORIENTED_EDGE('',*,*,#884,.T.);
#1122=ORIENTED_EDGE('',*,*,#885,.T.);
#1123=ORIENTED_EDGE('',*,*,#884,.F.);
#1124=ORIENTED_EDGE('',*,*,#885,.F.);
#1125=ORIENTED_EDGE('',*,*,#886,.T.);
#1126=ORIENTED_EDGE('',*,*,#887,.F.);
#1127=ORIENTED_EDGE('',*,*,#888,.F.);
#1128=ORIENTED_EDGE('',*,*,#886,.F.);
#1129=ORIENTED_EDGE('',*,*,#883,.F.);
#1130=ORIENTED_EDGE('',*,*,#889,.T.);
#1131=ORIENTED_EDGE('',*,*,#890,.T.);
#1132=ORIENTED_EDGE('',*,*,#891,.T.);
#1133=ORIENTED_EDGE('',*,*,#890,.F.);
#1134=ORIENTED_EDGE('',*,*,#891,.F.);
#1135=ORIENTED_EDGE('',*,*,#892,.T.);
#1136=ORIENTED_EDGE('',*,*,#893,.F.);
#1137=ORIENTED_EDGE('',*,*,#892,.F.);
#1138=ORIENTED_EDGE('',*,*,#889,.F.);
#1139=ORIENTED_EDGE('',*,*,#894,.T.);
#1140=ORIENTED_EDGE('',*,*,#895,.F.);
#1141=ORIENTED_EDGE('',*,*,#896,.T.);
#1142=ORIENTED_EDGE('',*,*,#893,.T.);
#1143=ORIENTED_EDGE('',*,*,#897,.T.);
#1144=ORIENTED_EDGE('',*,*,#898,.F.);
#1145=ORIENTED_EDGE('',*,*,#899,.T.);
#1146=ORIENTED_EDGE('',*,*,#900,.F.);
#1147=ORIENTED_EDGE('',*,*,#901,.T.);
#1148=ORIENTED_EDGE('',*,*,#902,.F.);
#1149=ORIENTED_EDGE('',*,*,#903,.T.);
#1150=ORIENTED_EDGE('',*,*,#887,.T.);
#1151=ORIENTED_EDGE('',*,*,#888,.T.);
#1152=ORIENTED_EDGE('',*,*,#896,.F.);
#1153=ORIENTED_EDGE('',*,*,#904,.F.);
#1154=ORIENTED_EDGE('',*,*,#905,.F.);
#1155=ORIENTED_EDGE('',*,*,#906,.F.);
#1156=ORIENTED_EDGE('',*,*,#897,.F.);
#1157=ORIENTED_EDGE('',*,*,#907,.F.);
#1158=ORIENTED_EDGE('',*,*,#908,.F.);
#1159=ORIENTED_EDGE('',*,*,#909,.T.);
#1160=ORIENTED_EDGE('',*,*,#899,.F.);
#1161=ORIENTED_EDGE('',*,*,#910,.T.);
#1162=ORIENTED_EDGE('',*,*,#901,.F.);
#1163=ORIENTED_EDGE('',*,*,#911,.F.);
#1164=ORIENTED_EDGE('',*,*,#912,.F.);
#1165=ORIENTED_EDGE('',*,*,#913,.F.);
#1166=ORIENTED_EDGE('',*,*,#914,.F.);
#1167=ORIENTED_EDGE('',*,*,#894,.F.);
#1168=ORIENTED_EDGE('',*,*,#903,.F.);
#1169=ORIENTED_EDGE('',*,*,#915,.F.);
#1170=ORIENTED_EDGE('',*,*,#904,.T.);
#1171=ORIENTED_EDGE('',*,*,#895,.T.);
#1172=ORIENTED_EDGE('',*,*,#914,.T.);
#1173=ORIENTED_EDGE('',*,*,#916,.F.);
#1174=ORIENTED_EDGE('',*,*,#917,.T.);
#1175=ORIENTED_EDGE('',*,*,#918,.F.);
#1176=ORIENTED_EDGE('',*,*,#919,.F.);
#1177=ORIENTED_EDGE('',*,*,#920,.F.);
#1178=ORIENTED_EDGE('',*,*,#915,.T.);
#1179=ORIENTED_EDGE('',*,*,#902,.T.);
#1180=ORIENTED_EDGE('',*,*,#921,.T.);
#1181=ORIENTED_EDGE('',*,*,#922,.F.);
#1182=ORIENTED_EDGE('',*,*,#923,.F.);
#1183=ORIENTED_EDGE('',*,*,#924,.F.);
#1184=ORIENTED_EDGE('',*,*,#912,.T.);
#1185=ORIENTED_EDGE('',*,*,#925,.T.);
#1186=ORIENTED_EDGE('',*,*,#926,.T.);
#1187=ORIENTED_EDGE('',*,*,#927,.T.);
#1188=ORIENTED_EDGE('',*,*,#913,.T.);
#1189=ORIENTED_EDGE('',*,*,#924,.T.);
#1190=ORIENTED_EDGE('',*,*,#928,.T.);
#1191=ORIENTED_EDGE('',*,*,#929,.T.);
#1192=ORIENTED_EDGE('',*,*,#930,.T.);
#1193=ORIENTED_EDGE('',*,*,#931,.T.);
#1194=ORIENTED_EDGE('',*,*,#932,.T.);
#1195=ORIENTED_EDGE('',*,*,#933,.T.);
#1196=ORIENTED_EDGE('',*,*,#934,.T.);
#1197=ORIENTED_EDGE('',*,*,#935,.T.);
#1198=ORIENTED_EDGE('',*,*,#936,.T.);
#1199=ORIENTED_EDGE('',*,*,#937,.T.);
#1200=ORIENTED_EDGE('',*,*,#938,.T.);
#1201=ORIENTED_EDGE('',*,*,#939,.T.);
#1202=ORIENTED_EDGE('',*,*,#940,.T.);
#1203=ORIENTED_EDGE('',*,*,#916,.T.);
#1204=ORIENTED_EDGE('',*,*,#908,.T.);
#1205=ORIENTED_EDGE('',*,*,#941,.T.);
#1206=ORIENTED_EDGE('',*,*,#942,.T.);
#1207=ORIENTED_EDGE('',*,*,#943,.T.);
#1208=ORIENTED_EDGE('',*,*,#905,.T.);
#1209=ORIENTED_EDGE('',*,*,#920,.T.);
#1210=ORIENTED_EDGE('',*,*,#944,.T.);
#1211=ORIENTED_EDGE('',*,*,#945,.T.);
#1212=ORIENTED_EDGE('',*,*,#946,.T.);
#1213=ORIENTED_EDGE('',*,*,#947,.T.);
#1214=ORIENTED_EDGE('',*,*,#948,.T.);
#1215=ORIENTED_EDGE('',*,*,#949,.T.);
#1216=ORIENTED_EDGE('',*,*,#950,.T.);
#1217=ORIENTED_EDGE('',*,*,#951,.T.);
#1218=ORIENTED_EDGE('',*,*,#952,.T.);
#1219=ORIENTED_EDGE('',*,*,#953,.T.);
#1220=ORIENTED_EDGE('',*,*,#954,.T.);
#1221=ORIENTED_EDGE('',*,*,#955,.T.);
#1222=ORIENTED_EDGE('',*,*,#956,.T.);
#1223=ORIENTED_EDGE('',*,*,#957,.T.);
#1224=ORIENTED_EDGE('',*,*,#958,.T.);
#1225=ORIENTED_EDGE('',*,*,#959,.T.);
#1226=ORIENTED_EDGE('',*,*,#960,.T.);
#1227=ORIENTED_EDGE('',*,*,#961,.T.);
#1228=ORIENTED_EDGE('',*,*,#938,.F.);
#1229=ORIENTED_EDGE('',*,*,#962,.T.);
#1230=ORIENTED_EDGE('',*,*,#963,.F.);
#1231=ORIENTED_EDGE('',*,*,#964,.F.);
#1232=ORIENTED_EDGE('',*,*,#937,.F.);
#1233=ORIENTED_EDGE('',*,*,#965,.T.);
#1234=ORIENTED_EDGE('',*,*,#966,.F.);
#1235=ORIENTED_EDGE('',*,*,#962,.F.);
#1236=ORIENTED_EDGE('',*,*,#936,.F.);
#1237=ORIENTED_EDGE('',*,*,#967,.T.);
#1238=ORIENTED_EDGE('',*,*,#968,.F.);
#1239=ORIENTED_EDGE('',*,*,#965,.F.);
#1240=ORIENTED_EDGE('',*,*,#969,.T.);
#1241=ORIENTED_EDGE('',*,*,#963,.T.);
#1242=ORIENTED_EDGE('',*,*,#966,.T.);
#1243=ORIENTED_EDGE('',*,*,#968,.T.);
#1244=ORIENTED_EDGE('',*,*,#943,.F.);
#1245=ORIENTED_EDGE('',*,*,#970,.T.);
#1246=ORIENTED_EDGE('',*,*,#971,.F.);
#1247=ORIENTED_EDGE('',*,*,#972,.F.);
#1248=ORIENTED_EDGE('',*,*,#909,.F.);
#1249=ORIENTED_EDGE('',*,*,#900,.T.);
#1250=ORIENTED_EDGE('',*,*,#972,.T.);
#1251=ORIENTED_EDGE('',*,*,#973,.F.);
#1252=ORIENTED_EDGE('',*,*,#974,.F.);
#1253=ORIENTED_EDGE('',*,*,#925,.F.);
#1254=ORIENTED_EDGE('',*,*,#911,.T.);
#1255=ORIENTED_EDGE('',*,*,#974,.T.);
#1256=ORIENTED_EDGE('',*,*,#975,.F.);
#1257=ORIENTED_EDGE('',*,*,#976,.F.);
#1258=ORIENTED_EDGE('',*,*,#971,.T.);
#1259=ORIENTED_EDGE('',*,*,#977,.T.);
#1260=ORIENTED_EDGE('',*,*,#975,.T.);
#1261=ORIENTED_EDGE('',*,*,#973,.T.);
#1262=ORIENTED_EDGE('',*,*,#950,.F.);
#1263=ORIENTED_EDGE('',*,*,#978,.T.);
#1264=ORIENTED_EDGE('',*,*,#979,.F.);
#1265=ORIENTED_EDGE('',*,*,#980,.F.);
#1266=ORIENTED_EDGE('',*,*,#951,.F.);
#1267=ORIENTED_EDGE('',*,*,#980,.T.);
#1268=ORIENTED_EDGE('',*,*,#981,.F.);
#1269=ORIENTED_EDGE('',*,*,#982,.F.);
#1270=ORIENTED_EDGE('',*,*,#952,.F.);
#1271=ORIENTED_EDGE('',*,*,#982,.T.);
#1272=ORIENTED_EDGE('',*,*,#983,.F.);
#1273=ORIENTED_EDGE('',*,*,#984,.F.);
#1274=ORIENTED_EDGE('',*,*,#953,.F.);
#1275=ORIENTED_EDGE('',*,*,#984,.T.);
#1276=ORIENTED_EDGE('',*,*,#985,.F.);
#1277=ORIENTED_EDGE('',*,*,#986,.F.);
#1278=ORIENTED_EDGE('',*,*,#985,.T.);
#1279=ORIENTED_EDGE('',*,*,#983,.T.);
#1280=ORIENTED_EDGE('',*,*,#981,.T.);
#1281=ORIENTED_EDGE('',*,*,#979,.T.);
#1282=ORIENTED_EDGE('',*,*,#987,.T.);
#1283=ORIENTED_EDGE('',*,*,#988,.T.);
#1284=ORIENTED_EDGE('',*,*,#958,.F.);
#1285=ORIENTED_EDGE('',*,*,#989,.T.);
#1286=ORIENTED_EDGE('',*,*,#987,.F.);
#1287=ORIENTED_EDGE('',*,*,#978,.F.);
#1288=ORIENTED_EDGE('',*,*,#949,.F.);
#1289=ORIENTED_EDGE('',*,*,#990,.T.);
#1290=ORIENTED_EDGE('',*,*,#991,.F.);
#1291=ORIENTED_EDGE('',*,*,#992,.F.);
#1292=ORIENTED_EDGE('',*,*,#945,.F.);
#1293=ORIENTED_EDGE('',*,*,#993,.T.);
#1294=ORIENTED_EDGE('',*,*,#994,.F.);
#1295=ORIENTED_EDGE('',*,*,#995,.F.);
#1296=ORIENTED_EDGE('',*,*,#939,.F.);
#1297=ORIENTED_EDGE('',*,*,#964,.T.);
#1298=ORIENTED_EDGE('',*,*,#969,.F.);
#1299=ORIENTED_EDGE('',*,*,#967,.F.);
#1300=ORIENTED_EDGE('',*,*,#935,.F.);
#1301=ORIENTED_EDGE('',*,*,#996,.T.);
#1302=ORIENTED_EDGE('',*,*,#997,.F.);
#1303=ORIENTED_EDGE('',*,*,#998,.F.);
#1304=ORIENTED_EDGE('',*,*,#931,.F.);
#1305=ORIENTED_EDGE('',*,*,#999,.T.);
#1306=ORIENTED_EDGE('',*,*,#1000,.F.);
#1307=ORIENTED_EDGE('',*,*,#1001,.F.);
#1308=ORIENTED_EDGE('',*,*,#932,.F.);
#1309=ORIENTED_EDGE('',*,*,#1001,.T.);
#1310=ORIENTED_EDGE('',*,*,#1002,.F.);
#1311=ORIENTED_EDGE('',*,*,#1003,.F.);
#1312=ORIENTED_EDGE('',*,*,#933,.F.);
#1313=ORIENTED_EDGE('',*,*,#1003,.T.);
#1314=ORIENTED_EDGE('',*,*,#1004,.F.);
#1315=ORIENTED_EDGE('',*,*,#1005,.F.);
#1316=ORIENTED_EDGE('',*,*,#934,.F.);
#1317=ORIENTED_EDGE('',*,*,#1005,.T.);
#1318=ORIENTED_EDGE('',*,*,#1006,.F.);
#1319=ORIENTED_EDGE('',*,*,#996,.F.);
#1320=ORIENTED_EDGE('',*,*,#997,.T.);
#1321=ORIENTED_EDGE('',*,*,#1006,.T.);
#1322=ORIENTED_EDGE('',*,*,#1004,.T.);
#1323=ORIENTED_EDGE('',*,*,#1002,.T.);
#1324=ORIENTED_EDGE('',*,*,#1000,.T.);
#1325=ORIENTED_EDGE('',*,*,#1007,.T.);
#1326=ORIENTED_EDGE('',*,*,#940,.F.);
#1327=ORIENTED_EDGE('',*,*,#995,.T.);
#1328=ORIENTED_EDGE('',*,*,#1008,.F.);
#1329=ORIENTED_EDGE('',*,*,#917,.F.);
#1330=ORIENTED_EDGE('',*,*,#944,.F.);
#1331=ORIENTED_EDGE('',*,*,#919,.T.);
#1332=ORIENTED_EDGE('',*,*,#1009,.F.);
#1333=ORIENTED_EDGE('',*,*,#993,.F.);
#1334=ORIENTED_EDGE('',*,*,#1009,.T.);
#1335=ORIENTED_EDGE('',*,*,#918,.T.);
#1336=ORIENTED_EDGE('',*,*,#1008,.T.);
#1337=ORIENTED_EDGE('',*,*,#994,.T.);
#1338=ORIENTED_EDGE('',*,*,#955,.F.);
#1339=ORIENTED_EDGE('',*,*,#1010,.T.);
#1340=ORIENTED_EDGE('',*,*,#1011,.F.);
#1341=ORIENTED_EDGE('',*,*,#1012,.F.);
#1342=ORIENTED_EDGE('',*,*,#941,.F.);
#1343=ORIENTED_EDGE('',*,*,#907,.T.);
#1344=ORIENTED_EDGE('',*,*,#1013,.T.);
#1345=ORIENTED_EDGE('',*,*,#1014,.F.);
#1346=ORIENTED_EDGE('',*,*,#1015,.F.);
#1347=ORIENTED_EDGE('',*,*,#956,.F.);
#1348=ORIENTED_EDGE('',*,*,#1012,.T.);
#1349=ORIENTED_EDGE('',*,*,#1016,.F.);
#1350=ORIENTED_EDGE('',*,*,#1017,.F.);
#1351=ORIENTED_EDGE('',*,*,#906,.T.);
#1352=ORIENTED_EDGE('',*,*,#957,.F.);
#1353=ORIENTED_EDGE('',*,*,#1017,.T.);
#1354=ORIENTED_EDGE('',*,*,#1018,.F.);
#1355=ORIENTED_EDGE('',*,*,#1013,.F.);
#1356=ORIENTED_EDGE('',*,*,#898,.T.);
#1357=ORIENTED_EDGE('',*,*,#1018,.T.);
#1358=ORIENTED_EDGE('',*,*,#1016,.T.);
#1359=ORIENTED_EDGE('',*,*,#1011,.T.);
#1360=ORIENTED_EDGE('',*,*,#1019,.T.);
#1361=ORIENTED_EDGE('',*,*,#1020,.T.);
#1362=ORIENTED_EDGE('',*,*,#1014,.T.);
#1363=ORIENTED_EDGE('',*,*,#942,.F.);
#1364=ORIENTED_EDGE('',*,*,#1015,.T.);
#1365=ORIENTED_EDGE('',*,*,#1020,.F.);
#1366=ORIENTED_EDGE('',*,*,#1021,.F.);
#1367=ORIENTED_EDGE('',*,*,#960,.F.);
#1368=ORIENTED_EDGE('',*,*,#1022,.T.);
#1369=ORIENTED_EDGE('',*,*,#1023,.F.);
#1370=ORIENTED_EDGE('',*,*,#1024,.F.);
#1371=ORIENTED_EDGE('',*,*,#926,.F.);
#1372=ORIENTED_EDGE('',*,*,#976,.T.);
#1373=ORIENTED_EDGE('',*,*,#977,.F.);
#1374=ORIENTED_EDGE('',*,*,#970,.F.);
#1375=ORIENTED_EDGE('',*,*,#927,.F.);
#1376=ORIENTED_EDGE('',*,*,#1024,.T.);
#1377=ORIENTED_EDGE('',*,*,#1025,.F.);
#1378=ORIENTED_EDGE('',*,*,#921,.F.);
#1379=ORIENTED_EDGE('',*,*,#910,.F.);
#1380=ORIENTED_EDGE('',*,*,#929,.F.);
#1381=ORIENTED_EDGE('',*,*,#1026,.T.);
#1382=ORIENTED_EDGE('',*,*,#1027,.F.);
#1383=ORIENTED_EDGE('',*,*,#1028,.F.);
#1384=ORIENTED_EDGE('',*,*,#928,.F.);
#1385=ORIENTED_EDGE('',*,*,#923,.T.);
#1386=ORIENTED_EDGE('',*,*,#1029,.F.);
#1387=ORIENTED_EDGE('',*,*,#1026,.F.);
#1388=ORIENTED_EDGE('',*,*,#1029,.T.);
#1389=ORIENTED_EDGE('',*,*,#922,.T.);
#1390=ORIENTED_EDGE('',*,*,#1025,.T.);
#1391=ORIENTED_EDGE('',*,*,#1023,.T.);
#1392=ORIENTED_EDGE('',*,*,#1030,.T.);
#1393=ORIENTED_EDGE('',*,*,#1027,.T.);
#1394=ORIENTED_EDGE('',*,*,#930,.F.);
#1395=ORIENTED_EDGE('',*,*,#1028,.T.);
#1396=ORIENTED_EDGE('',*,*,#1030,.F.);
#1397=ORIENTED_EDGE('',*,*,#1022,.F.);
#1398=ORIENTED_EDGE('',*,*,#959,.F.);
#1399=ORIENTED_EDGE('',*,*,#998,.T.);
#1400=ORIENTED_EDGE('',*,*,#1007,.F.);
#1401=ORIENTED_EDGE('',*,*,#999,.F.);
#1402=ORIENTED_EDGE('',*,*,#947,.F.);
#1403=ORIENTED_EDGE('',*,*,#1031,.T.);
#1404=ORIENTED_EDGE('',*,*,#1032,.F.);
#1405=ORIENTED_EDGE('',*,*,#1033,.F.);
#1406=ORIENTED_EDGE('',*,*,#946,.F.);
#1407=ORIENTED_EDGE('',*,*,#992,.T.);
#1408=ORIENTED_EDGE('',*,*,#1034,.F.);
#1409=ORIENTED_EDGE('',*,*,#1031,.F.);
#1410=ORIENTED_EDGE('',*,*,#948,.F.);
#1411=ORIENTED_EDGE('',*,*,#1033,.T.);
#1412=ORIENTED_EDGE('',*,*,#1035,.F.);
#1413=ORIENTED_EDGE('',*,*,#990,.F.);
#1414=ORIENTED_EDGE('',*,*,#1035,.T.);
#1415=ORIENTED_EDGE('',*,*,#1032,.T.);
#1416=ORIENTED_EDGE('',*,*,#1034,.T.);
#1417=ORIENTED_EDGE('',*,*,#991,.T.);
#1418=ORIENTED_EDGE('',*,*,#961,.F.);
#1419=ORIENTED_EDGE('',*,*,#1021,.T.);
#1420=ORIENTED_EDGE('',*,*,#1019,.F.);
#1421=ORIENTED_EDGE('',*,*,#1010,.F.);
#1422=ORIENTED_EDGE('',*,*,#954,.F.);
#1423=ORIENTED_EDGE('',*,*,#986,.T.);
#1424=ORIENTED_EDGE('',*,*,#988,.F.);
#1425=ORIENTED_EDGE('',*,*,#989,.F.);
#1426=ORIENTED_EDGE('',*,*,#1036,.T.);
#1427=ORIENTED_EDGE('',*,*,#1037,.T.);
#1428=ORIENTED_EDGE('',*,*,#1038,.T.);
#1429=ORIENTED_EDGE('',*,*,#1039,.T.);
#1430=ORIENTED_EDGE('',*,*,#1040,.T.);
#1431=ORIENTED_EDGE('',*,*,#1041,.T.);
#1432=ORIENTED_EDGE('',*,*,#1037,.F.);
#1433=ORIENTED_EDGE('',*,*,#1042,.T.);
#1434=ORIENTED_EDGE('',*,*,#1043,.T.);
#1435=ORIENTED_EDGE('',*,*,#1040,.F.);
#1436=ORIENTED_EDGE('',*,*,#1044,.T.);
#1437=ORIENTED_EDGE('',*,*,#1045,.T.);
#1438=ORIENTED_EDGE('',*,*,#1046,.T.);
#1439=ORIENTED_EDGE('',*,*,#1039,.F.);
#1440=ORIENTED_EDGE('',*,*,#1047,.T.);
#1441=ORIENTED_EDGE('',*,*,#1048,.T.);
#1442=ORIENTED_EDGE('',*,*,#1049,.T.);
#1443=ORIENTED_EDGE('',*,*,#1045,.F.);
#1444=ORIENTED_EDGE('',*,*,#1050,.T.);
#1445=ORIENTED_EDGE('',*,*,#1051,.T.);
#1446=ORIENTED_EDGE('',*,*,#1052,.T.);
#1447=ORIENTED_EDGE('',*,*,#1053,.T.);
#1448=ORIENTED_EDGE('',*,*,#1054,.T.);
#1449=ORIENTED_EDGE('',*,*,#1051,.F.);
#1450=ORIENTED_EDGE('',*,*,#1055,.T.);
#1451=ORIENTED_EDGE('',*,*,#1056,.T.);
#1452=ORIENTED_EDGE('',*,*,#1053,.F.);
#1453=ORIENTED_EDGE('',*,*,#1057,.T.);
#1454=ORIENTED_EDGE('',*,*,#1058,.T.);
#1455=ORIENTED_EDGE('',*,*,#1055,.F.);
#1456=ORIENTED_EDGE('',*,*,#1059,.T.);
#1457=ORIENTED_EDGE('',*,*,#1048,.F.);
#1458=ORIENTED_EDGE('',*,*,#1052,.F.);
#1459=ORIENTED_EDGE('',*,*,#1050,.F.);
#1460=ORIENTED_EDGE('',*,*,#1044,.F.);
#1461=ORIENTED_EDGE('',*,*,#1060,.T.);
#1462=ORIENTED_EDGE('',*,*,#1054,.F.);
#1463=ORIENTED_EDGE('',*,*,#1056,.F.);
#1464=ORIENTED_EDGE('',*,*,#1058,.F.);
#1465=ORIENTED_EDGE('',*,*,#1061,.T.);
#1466=ORIENTED_EDGE('',*,*,#1049,.F.);
#1467=ORIENTED_EDGE('',*,*,#1061,.F.);
#1468=ORIENTED_EDGE('',*,*,#1047,.F.);
#1469=ORIENTED_EDGE('',*,*,#1062,.F.);
#1470=ORIENTED_EDGE('',*,*,#1059,.F.);
#1471=ORIENTED_EDGE('',*,*,#1063,.F.);
#1472=ORIENTED_EDGE('',*,*,#1036,.F.);
#1473=ORIENTED_EDGE('',*,*,#1046,.F.);
#1474=ORIENTED_EDGE('',*,*,#1057,.F.);
#1475=ORIENTED_EDGE('',*,*,#1060,.F.);
#1476=ORIENTED_EDGE('',*,*,#1042,.F.);
#1477=ORIENTED_EDGE('',*,*,#1063,.T.);
#1478=ORIENTED_EDGE('',*,*,#1043,.F.);
#1479=ORIENTED_EDGE('',*,*,#1062,.T.);
#1480=ORIENTED_EDGE('',*,*,#1038,.F.);
#1481=ORIENTED_EDGE('',*,*,#1041,.F.);
#1482=ORIENTED_EDGE('',*,*,#1064,.T.);
#1483=ORIENTED_EDGE('',*,*,#1065,.T.);
#1484=ORIENTED_EDGE('',*,*,#1066,.T.);
#1485=ORIENTED_EDGE('',*,*,#1067,.T.);
#1486=ORIENTED_EDGE('',*,*,#1068,.T.);
#1487=ORIENTED_EDGE('',*,*,#1069,.T.);
#1488=ORIENTED_EDGE('',*,*,#1065,.F.);
#1489=ORIENTED_EDGE('',*,*,#1070,.T.);
#1490=ORIENTED_EDGE('',*,*,#1071,.T.);
#1491=ORIENTED_EDGE('',*,*,#1068,.F.);
#1492=ORIENTED_EDGE('',*,*,#1072,.T.);
#1493=ORIENTED_EDGE('',*,*,#1073,.T.);
#1494=ORIENTED_EDGE('',*,*,#1074,.T.);
#1495=ORIENTED_EDGE('',*,*,#1067,.F.);
#1496=ORIENTED_EDGE('',*,*,#1075,.T.);
#1497=ORIENTED_EDGE('',*,*,#1076,.T.);
#1498=ORIENTED_EDGE('',*,*,#1077,.T.);
#1499=ORIENTED_EDGE('',*,*,#1073,.F.);
#1500=ORIENTED_EDGE('',*,*,#1078,.T.);
#1501=ORIENTED_EDGE('',*,*,#1079,.T.);
#1502=ORIENTED_EDGE('',*,*,#1080,.T.);
#1503=ORIENTED_EDGE('',*,*,#1081,.T.);
#1504=ORIENTED_EDGE('',*,*,#1082,.T.);
#1505=ORIENTED_EDGE('',*,*,#1076,.F.);
#1506=ORIENTED_EDGE('',*,*,#1083,.T.);
#1507=ORIENTED_EDGE('',*,*,#1084,.T.);
#1508=ORIENTED_EDGE('',*,*,#1081,.F.);
#1509=ORIENTED_EDGE('',*,*,#1085,.T.);
#1510=ORIENTED_EDGE('',*,*,#1086,.T.);
#1511=ORIENTED_EDGE('',*,*,#1083,.F.);
#1512=ORIENTED_EDGE('',*,*,#1087,.T.);
#1513=ORIENTED_EDGE('',*,*,#1079,.F.);
#1514=ORIENTED_EDGE('',*,*,#1080,.F.);
#1515=ORIENTED_EDGE('',*,*,#1075,.F.);
#1516=ORIENTED_EDGE('',*,*,#1066,.F.);
#1517=ORIENTED_EDGE('',*,*,#1088,.T.);
#1518=ORIENTED_EDGE('',*,*,#1085,.F.);
#1519=ORIENTED_EDGE('',*,*,#1088,.F.);
#1520=ORIENTED_EDGE('',*,*,#1069,.F.);
#1521=ORIENTED_EDGE('',*,*,#1089,.T.);
#1522=ORIENTED_EDGE('',*,*,#1072,.F.);
#1523=ORIENTED_EDGE('',*,*,#1070,.F.);
#1524=ORIENTED_EDGE('',*,*,#1064,.F.);
#1525=ORIENTED_EDGE('',*,*,#1090,.F.);
#1526=ORIENTED_EDGE('',*,*,#1078,.F.);
#1527=ORIENTED_EDGE('',*,*,#1090,.T.);
#1528=ORIENTED_EDGE('',*,*,#1074,.F.);
#1529=ORIENTED_EDGE('',*,*,#1091,.F.);
#1530=ORIENTED_EDGE('',*,*,#1087,.F.);
#1531=ORIENTED_EDGE('',*,*,#1089,.F.);
#1532=ORIENTED_EDGE('',*,*,#1071,.F.);
#1533=ORIENTED_EDGE('',*,*,#1077,.F.);
#1534=ORIENTED_EDGE('',*,*,#1086,.F.);
#1535=ORIENTED_EDGE('',*,*,#1091,.T.);
#1536=ORIENTED_EDGE('',*,*,#1082,.F.);
#1537=ORIENTED_EDGE('',*,*,#1084,.F.);
#1538=ORIENTED_EDGE('',*,*,#1092,.T.);
#1539=ORIENTED_EDGE('',*,*,#1093,.T.);
#1540=ORIENTED_EDGE('',*,*,#1094,.T.);
#1541=ORIENTED_EDGE('',*,*,#1095,.T.);
#1542=ORIENTED_EDGE('',*,*,#1096,.T.);
#1543=ORIENTED_EDGE('',*,*,#1097,.T.);
#1544=ORIENTED_EDGE('',*,*,#1098,.T.);
#1545=ORIENTED_EDGE('',*,*,#1093,.F.);
#1546=ORIENTED_EDGE('',*,*,#1099,.T.);
#1547=ORIENTED_EDGE('',*,*,#1100,.T.);
#1548=ORIENTED_EDGE('',*,*,#1097,.F.);
#1549=ORIENTED_EDGE('',*,*,#1101,.T.);
#1550=ORIENTED_EDGE('',*,*,#1102,.T.);
#1551=ORIENTED_EDGE('',*,*,#1099,.F.);
#1552=ORIENTED_EDGE('',*,*,#1103,.T.);
#1553=ORIENTED_EDGE('',*,*,#1104,.T.);
#1554=ORIENTED_EDGE('',*,*,#1105,.T.);
#1555=ORIENTED_EDGE('',*,*,#1104,.F.);
#1556=ORIENTED_EDGE('',*,*,#1106,.T.);
#1557=ORIENTED_EDGE('',*,*,#1107,.T.);
#1558=ORIENTED_EDGE('',*,*,#1108,.T.);
#1559=ORIENTED_EDGE('',*,*,#1109,.T.);
#1560=ORIENTED_EDGE('',*,*,#1110,.T.);
#1561=ORIENTED_EDGE('',*,*,#1107,.F.);
#1562=ORIENTED_EDGE('',*,*,#1111,.T.);
#1563=ORIENTED_EDGE('',*,*,#1112,.T.);
#1564=ORIENTED_EDGE('',*,*,#1109,.F.);
#1565=ORIENTED_EDGE('',*,*,#1113,.T.);
#1566=ORIENTED_EDGE('',*,*,#1114,.T.);
#1567=ORIENTED_EDGE('',*,*,#1111,.F.);
#1568=ORIENTED_EDGE('',*,*,#1115,.T.);
#1569=ORIENTED_EDGE('',*,*,#1095,.F.);
#1570=ORIENTED_EDGE('',*,*,#1110,.F.);
#1571=ORIENTED_EDGE('',*,*,#1112,.F.);
#1572=ORIENTED_EDGE('',*,*,#1114,.F.);
#1573=ORIENTED_EDGE('',*,*,#1116,.T.);
#1574=ORIENTED_EDGE('',*,*,#1101,.F.);
#1575=ORIENTED_EDGE('',*,*,#1117,.T.);
#1576=ORIENTED_EDGE('',*,*,#1113,.F.);
#1577=ORIENTED_EDGE('',*,*,#1118,.F.);
#1578=ORIENTED_EDGE('',*,*,#1096,.F.);
#1579=ORIENTED_EDGE('',*,*,#1092,.F.);
#1580=ORIENTED_EDGE('',*,*,#1115,.F.);
#1581=ORIENTED_EDGE('',*,*,#1117,.F.);
#1582=ORIENTED_EDGE('',*,*,#1103,.F.);
#1583=ORIENTED_EDGE('',*,*,#1118,.T.);
#1584=ORIENTED_EDGE('',*,*,#1108,.F.);
#1585=ORIENTED_EDGE('',*,*,#1106,.F.);
#1586=ORIENTED_EDGE('',*,*,#1105,.F.);
#1587=ORIENTED_EDGE('',*,*,#1116,.F.);
#1588=ORIENTED_EDGE('',*,*,#1094,.F.);
#1589=ORIENTED_EDGE('',*,*,#1119,.F.);
#1590=ORIENTED_EDGE('',*,*,#1102,.F.);
#1591=ORIENTED_EDGE('',*,*,#1119,.T.);
#1592=ORIENTED_EDGE('',*,*,#1098,.F.);
#1593=ORIENTED_EDGE('',*,*,#1100,.F.);
#1594=TOROIDAL_SURFACE('',#1717,0.65,0.25);
#1595=TOROIDAL_SURFACE('',#1725,0.65,0.25);
#1596=TOROIDAL_SURFACE('',#1785,0.5,0.25);
#1597=TOROIDAL_SURFACE('',#1797,0.5,0.25);
#1598=TOROIDAL_SURFACE('',#1811,0.500000000000001,0.25);
#1599=TOROIDAL_SURFACE('',#1823,0.500000000000001,0.25);
#1600=TOROIDAL_SURFACE('',#1839,0.500000000000001,0.25);
#1601=TOROIDAL_SURFACE('',#1849,0.500000000000001,0.25);
#1602=ADVANCED_FACE('',(#507),#1594,.T.);
#1603=ADVANCED_FACE('',(#508),#484,.T.);
#1604=ADVANCED_FACE('',(#509),#33,.T.);
#1605=ADVANCED_FACE('',(#510),#1595,.T.);
#1606=ADVANCED_FACE('',(#511),#485,.T.);
#1607=ADVANCED_FACE('',(#512),#34,.T.);
#1608=ADVANCED_FACE('',(#513),#35,.T.);
#1609=ADVANCED_FACE('',(#514),#36,.T.);
#1610=ADVANCED_FACE('',(#515),#37,.T.);
#1611=ADVANCED_FACE('',(#516),#38,.T.);
#1612=ADVANCED_FACE('',(#517),#39,.T.);
#1613=ADVANCED_FACE('',(#518),#40,.T.);
#1614=ADVANCED_FACE('',(#519),#41,.T.);
#1615=ADVANCED_FACE('',(#520),#42,.T.);
#1616=ADVANCED_FACE('',(#521),#43,.T.);
#1617=ADVANCED_FACE('',(#522),#44,.T.);
#1618=ADVANCED_FACE('',(#523),#45,.T.);
#1619=ADVANCED_FACE('',(#524),#46,.F.);
#1620=ADVANCED_FACE('',(#525),#47,.T.);
#1621=ADVANCED_FACE('',(#526),#48,.T.);
#1622=ADVANCED_FACE('',(#527),#49,.T.);
#1623=ADVANCED_FACE('',(#528),#50,.T.);
#1624=ADVANCED_FACE('',(#529),#51,.T.);
#1625=ADVANCED_FACE('',(#530),#52,.T.);
#1626=ADVANCED_FACE('',(#531),#53,.T.);
#1627=ADVANCED_FACE('',(#532),#54,.T.);
#1628=ADVANCED_FACE('',(#533),#55,.T.);
#1629=ADVANCED_FACE('',(#534),#56,.T.);
#1630=ADVANCED_FACE('',(#535),#57,.T.);
#1631=ADVANCED_FACE('',(#536),#58,.T.);
#1632=ADVANCED_FACE('',(#537),#59,.T.);
#1633=ADVANCED_FACE('',(#538),#60,.T.);
#1634=ADVANCED_FACE('',(#539),#61,.T.);
#1635=ADVANCED_FACE('',(#540),#62,.T.);
#1636=ADVANCED_FACE('',(#541),#63,.T.);
#1637=ADVANCED_FACE('',(#542),#64,.T.);
#1638=ADVANCED_FACE('',(#543),#65,.T.);
#1639=ADVANCED_FACE('',(#544),#66,.T.);
#1640=ADVANCED_FACE('',(#545),#67,.T.);
#1641=ADVANCED_FACE('',(#546),#68,.T.);
#1642=ADVANCED_FACE('',(#547),#69,.T.);
#1643=ADVANCED_FACE('',(#548),#70,.T.);
#1644=ADVANCED_FACE('',(#549),#71,.T.);
#1645=ADVANCED_FACE('',(#550),#72,.T.);
#1646=ADVANCED_FACE('',(#551),#73,.T.);
#1647=ADVANCED_FACE('',(#552),#74,.T.);
#1648=ADVANCED_FACE('',(#553),#75,.T.);
#1649=ADVANCED_FACE('',(#554),#76,.T.);
#1650=ADVANCED_FACE('',(#555),#77,.T.);
#1651=ADVANCED_FACE('',(#556),#78,.T.);
#1652=ADVANCED_FACE('',(#557),#79,.T.);
#1653=ADVANCED_FACE('',(#558),#80,.T.);
#1654=ADVANCED_FACE('',(#559),#81,.T.);
#1655=ADVANCED_FACE('',(#560),#82,.T.);
#1656=ADVANCED_FACE('',(#561),#83,.T.);
#1657=ADVANCED_FACE('',(#562),#84,.T.);
#1658=ADVANCED_FACE('',(#563),#486,.T.);
#1659=ADVANCED_FACE('',(#564),#1596,.T.);
#1660=ADVANCED_FACE('',(#565),#487,.T.);
#1661=ADVANCED_FACE('',(#566),#488,.T.);
#1662=ADVANCED_FACE('',(#567),#489,.T.);
#1663=ADVANCED_FACE('',(#568),#490,.T.);
#1664=ADVANCED_FACE('',(#569),#1597,.T.);
#1665=ADVANCED_FACE('',(#570),#491,.T.);
#1666=ADVANCED_FACE('',(#571),#85,.T.);
#1667=ADVANCED_FACE('',(#572),#86,.T.);
#1668=ADVANCED_FACE('',(#573),#87,.T.);
#1669=ADVANCED_FACE('',(#574),#88,.T.);
#1670=ADVANCED_FACE('',(#575),#492,.T.);
#1671=ADVANCED_FACE('',(#576),#89,.F.);
#1672=ADVANCED_FACE('',(#577),#493,.T.);
#1673=ADVANCED_FACE('',(#578),#1598,.T.);
#1674=ADVANCED_FACE('',(#579),#494,.T.);
#1675=ADVANCED_FACE('',(#580),#495,.T.);
#1676=ADVANCED_FACE('',(#581),#496,.T.);
#1677=ADVANCED_FACE('',(#582),#497,.T.);
#1678=ADVANCED_FACE('',(#583),#1599,.T.);
#1679=ADVANCED_FACE('',(#584),#498,.T.);
#1680=ADVANCED_FACE('',(#585),#90,.T.);
#1681=ADVANCED_FACE('',(#586),#499,.T.);
#1682=ADVANCED_FACE('',(#587),#91,.F.);
#1683=ADVANCED_FACE('',(#588),#92,.T.);
#1684=ADVANCED_FACE('',(#589),#93,.T.);
#1685=ADVANCED_FACE('',(#590),#94,.T.);
#1686=ADVANCED_FACE('',(#591),#500,.T.);
#1687=ADVANCED_FACE('',(#592),#501,.T.);
#1688=ADVANCED_FACE('',(#593),#1600,.T.);
#1689=ADVANCED_FACE('',(#594),#502,.T.);
#1690=ADVANCED_FACE('',(#595),#503,.T.);
#1691=ADVANCED_FACE('',(#596),#504,.T.);
#1692=ADVANCED_FACE('',(#597),#1601,.T.);
#1693=ADVANCED_FACE('',(#598),#505,.T.);
#1694=ADVANCED_FACE('',(#599),#95,.F.);
#1695=ADVANCED_FACE('',(#600),#506,.T.);
#1696=ADVANCED_FACE('',(#601),#96,.T.);
#1697=ADVANCED_FACE('',(#602),#97,.T.);
#1698=ADVANCED_FACE('',(#603),#98,.T.);
#1699=ADVANCED_FACE('',(#604),#99,.T.);
#1700=CLOSED_SHELL('',(#1602,#1603,#1604,#1605,#1606,#1607,#1608,#1609,
#1610,#1611,#1612,#1613,#1614,#1615,#1616,#1617,#1618,#1619,#1620,#1621,
#1622,#1623,#1624,#1625,#1626,#1627,#1628,#1629,#1630,#1631,#1632,#1633,
#1634,#1635,#1636,#1637,#1638,#1639,#1640,#1641,#1642,#1643,#1644,#1645,
#1646,#1647,#1648,#1649,#1650,#1651,#1652,#1653,#1654,#1655,#1656,#1657));
#1701=CLOSED_SHELL('',(#1658,#1659,#1660,#1661,#1662,#1663,#1664,#1665,
#1666,#1667,#1668,#1669,#1670,#1671));
#1702=CLOSED_SHELL('',(#1672,#1673,#1674,#1675,#1676,#1677,#1678,#1679,
#1680,#1681,#1682,#1683,#1684,#1685));
#1703=CLOSED_SHELL('',(#1686,#1687,#1688,#1689,#1690,#1691,#1692,#1693,
#1694,#1695,#1696,#1697,#1698,#1699));
#1704=DERIVED_UNIT_ELEMENT(#1706,1.);
#1705=DERIVED_UNIT_ELEMENT(#2828,-3.);
#1706=(
MASS_UNIT()
NAMED_UNIT(*)
SI_UNIT(.KILO.,.GRAM.)
);
#1707=DERIVED_UNIT((#1704,#1705));
#1708=MEASURE_REPRESENTATION_ITEM('density measure',
POSITIVE_RATIO_MEASURE(7850.),#1707);
#1709=PROPERTY_DEFINITION_REPRESENTATION(#1714,#1711);
#1710=PROPERTY_DEFINITION_REPRESENTATION(#1715,#1712);
#1711=REPRESENTATION('material name',(#1713),#2825);
#1712=REPRESENTATION('density',(#1708),#2825);
#1713=DESCRIPTIVE_REPRESENTATION_ITEM('Steel','Steel');
#1714=PROPERTY_DEFINITION('material property','material name',#2835);
#1715=PROPERTY_DEFINITION('material property','density of part',#2835);
#1716=AXIS2_PLACEMENT_3D('',#2340,#1860,#1861);
#1717=AXIS2_PLACEMENT_3D('',#2341,#1862,#1863);
#1718=AXIS2_PLACEMENT_3D('',#2343,#1864,#1865);
#1719=AXIS2_PLACEMENT_3D('',#2345,#1866,#1867);
#1720=AXIS2_PLACEMENT_3D('',#2346,#1868,#1869);
#1721=AXIS2_PLACEMENT_3D('',#2347,#1870,#1871);
#1722=AXIS2_PLACEMENT_3D('',#2351,#1873,#1874);
#1723=AXIS2_PLACEMENT_3D('',#2352,#1875,#1876);
#1724=AXIS2_PLACEMENT_3D('',#2353,#1877,#1878);
#1725=AXIS2_PLACEMENT_3D('',#2354,#1879,#1880);
#1726=AXIS2_PLACEMENT_3D('',#2356,#1881,#1882);
#1727=AXIS2_PLACEMENT_3D('',#2358,#1883,#1884);
#1728=AXIS2_PLACEMENT_3D('',#2359,#1885,#1886);
#1729=AXIS2_PLACEMENT_3D('',#2360,#1887,#1888);
#1730=AXIS2_PLACEMENT_3D('',#2363,#1890,#1891);
#1731=AXIS2_PLACEMENT_3D('',#2364,#1892,#1893);
#1732=AXIS2_PLACEMENT_3D('',#2365,#1894,#1895);
#1733=AXIS2_PLACEMENT_3D('',#2384,#1906,#1907);
#1734=AXIS2_PLACEMENT_3D('',#2390,#1911,#1912);
#1735=AXIS2_PLACEMENT_3D('',#2396,#1916,#1917);
#1736=AXIS2_PLACEMENT_3D('',#2402,#1921,#1922);
#1737=AXIS2_PLACEMENT_3D('',#2408,#1926,#1927);
#1738=AXIS2_PLACEMENT_3D('',#2418,#1933,#1934);
#1739=AXIS2_PLACEMENT_3D('',#2426,#1939,#1940);
#1740=AXIS2_PLACEMENT_3D('',#2432,#1944,#1945);
#1741=AXIS2_PLACEMENT_3D('',#2458,#1959,#1960);
#1742=AXIS2_PLACEMENT_3D('',#2464,#1964,#1965);
#1743=AXIS2_PLACEMENT_3D('',#2492,#1980,#1981);
#1744=AXIS2_PLACEMENT_3D('',#2501,#1986,#1987);
#1745=AXIS2_PLACEMENT_3D('',#2507,#1991,#1992);
#1746=AXIS2_PLACEMENT_3D('',#2511,#1995,#1996);
#1747=AXIS2_PLACEMENT_3D('',#2515,#1999,#2000);
#1748=AXIS2_PLACEMENT_3D('',#2517,#2002,#2003);
#1749=AXIS2_PLACEMENT_3D('',#2523,#2007,#2008);
#1750=AXIS2_PLACEMENT_3D('',#2527,#2011,#2012);
#1751=AXIS2_PLACEMENT_3D('',#2531,#2015,#2016);
#1752=AXIS2_PLACEMENT_3D('',#2533,#2018,#2019);
#1753=AXIS2_PLACEMENT_3D('',#2539,#2023,#2024);
#1754=AXIS2_PLACEMENT_3D('',#2543,#2027,#2028);
#1755=AXIS2_PLACEMENT_3D('',#2547,#2031,#2032);
#1756=AXIS2_PLACEMENT_3D('',#2551,#2035,#2036);
#1757=AXIS2_PLACEMENT_3D('',#2555,#2039,#2040);
#1758=AXIS2_PLACEMENT_3D('',#2572,#2051,#2052);
#1759=AXIS2_PLACEMENT_3D('',#2578,#2056,#2057);
#1760=AXIS2_PLACEMENT_3D('',#2582,#2060,#2061);
#1761=AXIS2_PLACEMENT_3D('',#2586,#2064,#2065);
#1762=AXIS2_PLACEMENT_3D('',#2588,#2067,#2068);
#1763=AXIS2_PLACEMENT_3D('',#2590,#2070,#2071);
#1764=AXIS2_PLACEMENT_3D('',#2592,#2073,#2074);
#1765=AXIS2_PLACEMENT_3D('',#2594,#2076,#2077);
#1766=AXIS2_PLACEMENT_3D('',#2595,#2078,#2079);
#1767=AXIS2_PLACEMENT_3D('',#2601,#2083,#2084);
#1768=AXIS2_PLACEMENT_3D('',#2607,#2088,#2089);
#1769=AXIS2_PLACEMENT_3D('',#2611,#2092,#2093);
#1770=AXIS2_PLACEMENT_3D('',#2613,#2095,#2096);
#1771=AXIS2_PLACEMENT_3D('',#2617,#2099,#2100);
#1772=AXIS2_PLACEMENT_3D('',#2624,#2105,#2106);
#1773=AXIS2_PLACEMENT_3D('',#2626,#2108,#2109);
#1774=AXIS2_PLACEMENT_3D('',#2632,#2113,#2114);
#1775=AXIS2_PLACEMENT_3D('',#2634,#2116,#2117);
#1776=AXIS2_PLACEMENT_3D('',#2636,#2119,#2120);
#1777=AXIS2_PLACEMENT_3D('',#2637,#2121,#2122);
#1778=AXIS2_PLACEMENT_3D('',#2643,#2126,#2127);
#1779=AXIS2_PLACEMENT_3D('',#2645,#2129,#2130);
#1780=AXIS2_PLACEMENT_3D('',#2647,#2132,#2133);
#1781=AXIS2_PLACEMENT_3D('',#2648,#2134,#2135);
#1782=AXIS2_PLACEMENT_3D('',#2649,#2136,#2137);
#1783=AXIS2_PLACEMENT_3D('',#2654,#2139,#2140);
#1784=AXIS2_PLACEMENT_3D('',#2657,#2142,#2143);
#1785=AXIS2_PLACEMENT_3D('',#2658,#2144,#2145);
#1786=AXIS2_PLACEMENT_3D('',#2661,#2146,#2147);
#1787=AXIS2_PLACEMENT_3D('',#2662,#2148,#2149);
#1788=AXIS2_PLACEMENT_3D('',#2663,#2150,#2151);
#1789=AXIS2_PLACEMENT_3D('',#2664,#2152,#2153);
#1790=AXIS2_PLACEMENT_3D('',#2669,#2156,#2157);
#1791=AXIS2_PLACEMENT_3D('',#2670,#2158,#2159);
#1792=AXIS2_PLACEMENT_3D('',#2675,#2162,#2163);
#1793=AXIS2_PLACEMENT_3D('',#2676,#2164,#2165);
#1794=AXIS2_PLACEMENT_3D('',#2681,#2168,#2169);
#1795=AXIS2_PLACEMENT_3D('',#2682,#2170,#2171);
#1796=AXIS2_PLACEMENT_3D('',#2686,#2173,#2174);
#1797=AXIS2_PLACEMENT_3D('',#2688,#2176,#2177);
#1798=AXIS2_PLACEMENT_3D('',#2691,#2178,#2179);
#1799=AXIS2_PLACEMENT_3D('',#2692,#2180,#2181);
#1800=AXIS2_PLACEMENT_3D('',#2693,#2182,#2183);
#1801=AXIS2_PLACEMENT_3D('',#2694,#2184,#2185);
#1802=AXIS2_PLACEMENT_3D('',#2697,#2188,#2189);
#1803=AXIS2_PLACEMENT_3D('',#2699,#2191,#2192);
#1804=AXIS2_PLACEMENT_3D('',#2701,#2194,#2195);
#1805=AXIS2_PLACEMENT_3D('',#2703,#2197,#2198);
#1806=AXIS2_PLACEMENT_3D('',#2705,#2200,#2201);
#1807=AXIS2_PLACEMENT_3D('',#2706,#2202,#2203);
#1808=AXIS2_PLACEMENT_3D('',#2707,#2204,#2205);
#1809=AXIS2_PLACEMENT_3D('',#2712,#2207,#2208);
#1810=AXIS2_PLACEMENT_3D('',#2715,#2210,#2211);
#1811=AXIS2_PLACEMENT_3D('',#2716,#2212,#2213);
#1812=AXIS2_PLACEMENT_3D('',#2719,#2214,#2215);
#1813=AXIS2_PLACEMENT_3D('',#2720,#2216,#2217);
#1814=AXIS2_PLACEMENT_3D('',#2721,#2218,#2219);
#1815=AXIS2_PLACEMENT_3D('',#2722,#2220,#2221);
#1816=AXIS2_PLACEMENT_3D('',#2727,#2224,#2225);
#1817=AXIS2_PLACEMENT_3D('',#2728,#2226,#2227);
#1818=AXIS2_PLACEMENT_3D('',#2733,#2230,#2231);
#1819=AXIS2_PLACEMENT_3D('',#2734,#2232,#2233);
#1820=AXIS2_PLACEMENT_3D('',#2739,#2236,#2237);
#1821=AXIS2_PLACEMENT_3D('',#2740,#2238,#2239);
#1822=AXIS2_PLACEMENT_3D('',#2744,#2241,#2242);
#1823=AXIS2_PLACEMENT_3D('',#2746,#2244,#2245);
#1824=AXIS2_PLACEMENT_3D('',#2749,#2246,#2247);
#1825=AXIS2_PLACEMENT_3D('',#2750,#2248,#2249);
#1826=AXIS2_PLACEMENT_3D('',#2751,#2250,#2251);
#1827=AXIS2_PLACEMENT_3D('',#2752,#2252,#2253);
#1828=AXIS2_PLACEMENT_3D('',#2755,#2256,#2257);
#1829=AXIS2_PLACEMENT_3D('',#2757,#2259,#2260);
#1830=AXIS2_PLACEMENT_3D('',#2759,#2262,#2263);
#1831=AXIS2_PLACEMENT_3D('',#2761,#2265,#2266);
#1832=AXIS2_PLACEMENT_3D('',#2763,#2268,#2269);
#1833=AXIS2_PLACEMENT_3D('',#2764,#2270,#2271);
#1834=AXIS2_PLACEMENT_3D('',#2765,#2272,#2273);
#1835=AXIS2_PLACEMENT_3D('',#2770,#2275,#2276);
#1836=AXIS2_PLACEMENT_3D('',#2773,#2278,#2279);
#1837=AXIS2_PLACEMENT_3D('',#2774,#2280,#2281);
#1838=AXIS2_PLACEMENT_3D('',#2778,#2283,#2284);
#1839=AXIS2_PLACEMENT_3D('',#2780,#2286,#2287);
#1840=AXIS2_PLACEMENT_3D('',#2783,#2288,#2289);
#1841=AXIS2_PLACEMENT_3D('',#2784,#2290,#2291);
#1842=AXIS2_PLACEMENT_3D('',#2785,#2292,#2293);
#1843=AXIS2_PLACEMENT_3D('',#2786,#2294,#2295);
#1844=AXIS2_PLACEMENT_3D('',#2791,#2298,#2299);
#1845=AXIS2_PLACEMENT_3D('',#2792,#2300,#2301);
#1846=AXIS2_PLACEMENT_3D('',#2797,#2304,#2305);
#1847=AXIS2_PLACEMENT_3D('',#2798,#2306,#2307);
#1848=AXIS2_PLACEMENT_3D('',#2802,#2309,#2310);
#1849=AXIS2_PLACEMENT_3D('',#2804,#2312,#2313);
#1850=AXIS2_PLACEMENT_3D('',#2807,#2314,#2315);
#1851=AXIS2_PLACEMENT_3D('',#2808,#2316,#2317);
#1852=AXIS2_PLACEMENT_3D('',#2809,#2318,#2319);
#1853=AXIS2_PLACEMENT_3D('',#2810,#2320,#2321);
#1854=AXIS2_PLACEMENT_3D('',#2813,#2324,#2325);
#1855=AXIS2_PLACEMENT_3D('',#2815,#2327,#2328);
#1856=AXIS2_PLACEMENT_3D('',#2818,#2331,#2332);
#1857=AXIS2_PLACEMENT_3D('',#2819,#2333,#2334);
#1858=AXIS2_PLACEMENT_3D('',#2820,#2335,#2336);
#1859=AXIS2_PLACEMENT_3D('',#2822,#2338,#2339);
#1860=DIRECTION('axis',(0.,0.,1.));
#1861=DIRECTION('refdir',(1.,0.,0.));
#1862=DIRECTION('center_axis',(0.,0.,1.));
#1863=DIRECTION('ref_axis',(1.,0.,0.));
#1864=DIRECTION('center_axis',(0.,0.,-1.));
#1865=DIRECTION('ref_axis',(1.,0.,0.));
#1866=DIRECTION('center_axis',(0.,-1.,0.));
#1867=DIRECTION('ref_axis',(-1.,0.,0.));
#1868=DIRECTION('center_axis',(0.,0.,1.));
#1869=DIRECTION('ref_axis',(1.,0.,0.));
#1870=DIRECTION('center_axis',(0.,0.,1.));
#1871=DIRECTION('ref_axis',(1.,0.,0.));
#1872=DIRECTION('',(0.,0.,-1.));
#1873=DIRECTION('center_axis',(0.,0.,-1.));
#1874=DIRECTION('ref_axis',(1.,0.,0.));
#1875=DIRECTION('center_axis',(0.,0.,-1.));
#1876=DIRECTION('ref_axis',(1.,0.,0.));
#1877=DIRECTION('center_axis',(0.,0.,1.));
#1878=DIRECTION('ref_axis',(1.,0.,0.));
#1879=DIRECTION('center_axis',(0.,0.,1.));
#1880=DIRECTION('ref_axis',(1.,0.,0.));
#1881=DIRECTION('center_axis',(0.,0.,-1.));
#1882=DIRECTION('ref_axis',(1.,0.,0.));
#1883=DIRECTION('center_axis',(0.,-1.,0.));
#1884=DIRECTION('ref_axis',(-1.,0.,0.));
#1885=DIRECTION('center_axis',(0.,0.,1.));
#1886=DIRECTION('ref_axis',(1.,0.,0.));
#1887=DIRECTION('center_axis',(0.,0.,1.));
#1888=DIRECTION('ref_axis',(1.,0.,0.));
#1889=DIRECTION('',(0.,0.,-1.));
#1890=DIRECTION('center_axis',(0.,0.,-1.));
#1891=DIRECTION('ref_axis',(1.,0.,0.));
#1892=DIRECTION('center_axis',(0.,0.,1.));
#1893=DIRECTION('ref_axis',(1.,0.,0.));
#1894=DIRECTION('center_axis',(0.,0.,1.));
#1895=DIRECTION('ref_axis',(1.,0.,0.));
#1896=DIRECTION('',(9.65411325761871E-17,1.,0.));
#1897=DIRECTION('',(1.,-5.84327907697451E-17,0.));
#1898=DIRECTION('',(0.,-1.,0.));
#1899=DIRECTION('',(0.,-1.,0.));
#1900=DIRECTION('',(-1.,1.1686558153949E-16,0.));
#1901=DIRECTION('',(1.,-1.1686558153949E-16,0.));
#1902=DIRECTION('',(-1.,1.1686558153949E-16,0.));
#1903=DIRECTION('',(1.,-1.1686558153949E-16,0.));
#1904=DIRECTION('',(-1.,1.1686558153949E-16,0.));
#1905=DIRECTION('',(9.65411325761871E-17,1.,0.));
#1906=DIRECTION('center_axis',(-1.,0.,0.));
#1907=DIRECTION('ref_axis',(0.,-1.,0.));
#1908=DIRECTION('',(0.,0.,1.));
#1909=DIRECTION('',(0.,1.,0.));
#1910=DIRECTION('',(0.,0.,-1.));
#1911=DIRECTION('center_axis',(-1.1686558153949E-16,-1.,0.));
#1912=DIRECTION('ref_axis',(1.,-1.1686558153949E-16,0.));
#1913=DIRECTION('',(0.,0.,1.));
#1914=DIRECTION('',(-1.,1.1686558153949E-16,0.));
#1915=DIRECTION('',(0.,0.,1.));
#1916=DIRECTION('center_axis',(-1.1686558153949E-16,-1.,0.));
#1917=DIRECTION('ref_axis',(1.,-1.1686558153949E-16,0.));
#1918=DIRECTION('',(0.,0.,1.));
#1919=DIRECTION('',(0.,0.,1.));
#1920=DIRECTION('',(-1.,1.1686558153949E-16,0.));
#1921=DIRECTION('center_axis',(1.,-9.65411325761871E-17,0.));
#1922=DIRECTION('ref_axis',(9.65411325761871E-17,1.,0.));
#1923=DIRECTION('',(-9.65411325761871E-17,-1.,0.));
#1924=DIRECTION('',(0.,0.,-1.));
#1925=DIRECTION('',(0.,0.,1.));
#1926=DIRECTION('center_axis',(-5.84327907697451E-17,-1.,0.));
#1927=DIRECTION('ref_axis',(1.,-5.84327907697451E-17,0.));
#1928=DIRECTION('',(-1.,5.84327907697451E-17,0.));
#1929=DIRECTION('',(0.,0.,1.));
#1930=DIRECTION('',(1.,-5.84327907697451E-17,0.));
#1931=DIRECTION('',(0.,0.,1.));
#1932=DIRECTION('',(-1.,5.84327907697451E-17,0.));
#1933=DIRECTION('center_axis',(1.1686558153949E-16,1.,0.));
#1934=DIRECTION('ref_axis',(-1.,1.1686558153949E-16,0.));
#1935=DIRECTION('',(0.,0.,1.));
#1936=DIRECTION('',(-1.,1.1686558153949E-16,0.));
#1937=DIRECTION('',(0.,0.,1.));
#1938=DIRECTION('',(1.,-1.1686558153949E-16,0.));
#1939=DIRECTION('center_axis',(0.,0.,1.));
#1940=DIRECTION('ref_axis',(1.,0.,0.));
#1941=DIRECTION('',(-3.70074341540324E-16,-1.,0.));
#1942=DIRECTION('',(1.,-3.24943324280534E-16,0.));
#1943=DIRECTION('',(0.,1.,0.));
#1944=DIRECTION('center_axis',(0.,0.,1.));
#1945=DIRECTION('ref_axis',(1.,0.,0.));
#1946=DIRECTION('',(9.65411325761005E-17,1.,0.));
#1947=DIRECTION('',(1.,0.,0.));
#1948=DIRECTION('',(1.19562479575017E-15,1.,0.));
#1949=DIRECTION('',(-1.,0.,0.));
#1950=DIRECTION('',(9.65411325761005E-17,1.,0.));
#1951=DIRECTION('',(-1.,5.84327907697451E-17,0.));
#1952=DIRECTION('',(1.48029736616358E-13,1.,0.));
#1953=DIRECTION('',(-1.,2.16628882853689E-16,0.));
#1954=DIRECTION('',(-1.48029736616289E-13,-1.,0.));
#1955=DIRECTION('',(-1.,5.84327907697451E-17,0.));
#1956=DIRECTION('',(1.48029736616242E-13,1.,0.));
#1957=DIRECTION('',(-1.,2.16628882853689E-16,0.));
#1958=DIRECTION('',(-1.48029736616231E-13,-1.,0.));
#1959=DIRECTION('center_axis',(0.,0.,1.));
#1960=DIRECTION('ref_axis',(1.,0.,0.));
#1961=DIRECTION('',(-3.70074341542546E-16,-1.,0.));
#1962=DIRECTION('',(1.,-3.24943324280534E-16,0.));
#1963=DIRECTION('',(-1.48029736617018E-15,1.,0.));
#1964=DIRECTION('center_axis',(0.,0.,1.));
#1965=DIRECTION('ref_axis',(1.,0.,0.));
#1966=DIRECTION('',(0.,1.,0.));
#1967=DIRECTION('',(-1.,2.16628882853689E-16,0.));
#1968=DIRECTION('',(0.,-1.,0.));
#1969=DIRECTION('',(-1.,5.84327907697451E-17,0.));
#1970=DIRECTION('',(0.,1.,0.));
#1971=DIRECTION('',(-1.,2.16628882853689E-16,0.));
#1972=DIRECTION('',(0.,-1.,0.));
#1973=DIRECTION('',(-1.,5.84327907697451E-17,0.));
#1974=DIRECTION('',(-1.93082265152201E-16,-1.,0.));
#1975=DIRECTION('',(-1.,0.,0.));
#1976=DIRECTION('',(-5.12410626750072E-16,-1.,0.));
#1977=DIRECTION('',(1.,0.,0.));
#1978=DIRECTION('',(-1.93082265152201E-16,-1.,0.));
#1979=DIRECTION('',(1.,-1.1686558153949E-16,0.));
#1980=DIRECTION('center_axis',(0.,0.,1.));
#1981=DIRECTION('ref_axis',(1.,0.,0.));
#1982=DIRECTION('',(1.,-2.16628882853689E-16,0.));
#1983=DIRECTION('',(-1.19562479575017E-15,-1.,0.));
#1984=DIRECTION('',(-1.,3.24943324280534E-16,0.));
#1985=DIRECTION('',(5.12410626750072E-16,1.,0.));
#1986=DIRECTION('center_axis',(-1.,1.48029736616242E-13,0.));
#1987=DIRECTION('ref_axis',(-1.48029736616242E-13,-1.,0.));
#1988=DIRECTION('',(0.,0.,1.));
#1989=DIRECTION('',(-1.48029736616242E-13,-1.,0.));
#1990=DIRECTION('',(0.,0.,1.));
#1991=DIRECTION('center_axis',(-5.84327907697451E-17,-1.,0.));
#1992=DIRECTION('ref_axis',(1.,-5.84327907697451E-17,0.));
#1993=DIRECTION('',(0.,0.,1.));
#1994=DIRECTION('',(1.,-5.84327907697451E-17,0.));
#1995=DIRECTION('center_axis',(1.,-1.48029736616289E-13,0.));
#1996=DIRECTION('ref_axis',(1.48029736616289E-13,1.,0.));
#1997=DIRECTION('',(0.,0.,1.));
#1998=DIRECTION('',(1.48029736616289E-13,1.,0.));
#1999=DIRECTION('center_axis',(0.,0.,1.));
#2000=DIRECTION('ref_axis',(1.,0.,0.));
#2001=DIRECTION('',(-1.,2.16628882853689E-16,0.));
#2002=DIRECTION('center_axis',(-1.,-1.48029736617018E-15,0.));
#2003=DIRECTION('ref_axis',(1.48029736617018E-15,-1.,0.));
#2004=DIRECTION('',(0.,0.,1.));
#2005=DIRECTION('',(1.48029736617018E-15,-1.,0.));
#2006=DIRECTION('',(0.,0.,1.));
#2007=DIRECTION('center_axis',(1.1686558153949E-16,1.,0.));
#2008=DIRECTION('ref_axis',(-1.,1.1686558153949E-16,0.));
#2009=DIRECTION('',(-1.,1.1686558153949E-16,0.));
#2010=DIRECTION('',(0.,0.,1.));
#2011=DIRECTION('center_axis',(1.,-3.70074341540324E-16,0.));
#2012=DIRECTION('ref_axis',(3.70074341540324E-16,1.,0.));
#2013=DIRECTION('',(3.70074341540324E-16,1.,0.));
#2014=DIRECTION('',(0.,0.,1.));
#2015=DIRECTION('center_axis',(0.,0.,1.));
#2016=DIRECTION('ref_axis',(1.,0.,0.));
#2017=DIRECTION('',(1.,-3.24943324280534E-16,0.));
#2018=DIRECTION('center_axis',(1.,0.,0.));
#2019=DIRECTION('ref_axis',(0.,1.,0.));
#2020=DIRECTION('',(0.,0.,1.));
#2021=DIRECTION('',(0.,1.,0.));
#2022=DIRECTION('',(0.,0.,1.));
#2023=DIRECTION('center_axis',(-5.84327907697451E-17,-1.,0.));
#2024=DIRECTION('ref_axis',(1.,-5.84327907697451E-17,0.));
#2025=DIRECTION('',(1.,-5.84327907697451E-17,0.));
#2026=DIRECTION('',(0.,0.,1.));
#2027=DIRECTION('center_axis',(1.,-1.93082265152201E-16,0.));
#2028=DIRECTION('ref_axis',(1.93082265152201E-16,1.,0.));
#2029=DIRECTION('',(1.93082265152201E-16,1.,0.));
#2030=DIRECTION('',(0.,0.,1.));
#2031=DIRECTION('center_axis',(0.,-1.,0.));
#2032=DIRECTION('ref_axis',(1.,0.,0.));
#2033=DIRECTION('',(1.,0.,0.));
#2034=DIRECTION('',(0.,0.,1.));
#2035=DIRECTION('center_axis',(0.,0.,1.));
#2036=DIRECTION('ref_axis',(1.,0.,0.));
#2037=DIRECTION('',(-1.,2.16628882853689E-16,0.));
#2038=DIRECTION('',(-5.12410626750072E-16,-1.,0.));
#2039=DIRECTION('center_axis',(2.16628882853689E-16,1.,0.));
#2040=DIRECTION('ref_axis',(-1.,2.16628882853689E-16,0.));
#2041=DIRECTION('',(0.,0.,1.));
#2042=DIRECTION('',(0.,0.,1.));
#2043=DIRECTION('',(-1.,2.16628882853689E-16,0.));
#2044=DIRECTION('',(0.,0.,1.));
#2045=DIRECTION('',(0.,0.,1.));
#2046=DIRECTION('',(-1.,2.16628882853689E-16,0.));
#2047=DIRECTION('',(0.,0.,1.));
#2048=DIRECTION('',(0.,0.,1.));
#2049=DIRECTION('',(-1.,2.16628882853689E-16,0.));
#2050=DIRECTION('',(0.,0.,1.));
#2051=DIRECTION('center_axis',(0.,-1.,0.));
#2052=DIRECTION('ref_axis',(1.,0.,0.));
#2053=DIRECTION('',(0.,0.,1.));
#2054=DIRECTION('',(1.,0.,0.));
#2055=DIRECTION('',(0.,0.,1.));
#2056=DIRECTION('center_axis',(-1.,9.65411325761005E-17,0.));
#2057=DIRECTION('ref_axis',(-9.65411325761005E-17,-1.,0.));
#2058=DIRECTION('',(-9.65411325761005E-17,-1.,0.));
#2059=DIRECTION('',(0.,0.,1.));
#2060=DIRECTION('center_axis',(-5.84327907697451E-17,-1.,0.));
#2061=DIRECTION('ref_axis',(1.,-5.84327907697451E-17,0.));
#2062=DIRECTION('',(1.,-5.84327907697451E-17,0.));
#2063=DIRECTION('',(0.,0.,1.));
#2064=DIRECTION('center_axis',(-1.,1.48029736616358E-13,0.));
#2065=DIRECTION('ref_axis',(-1.48029736616358E-13,-1.,0.));
#2066=DIRECTION('',(-1.48029736616358E-13,-1.,0.));
#2067=DIRECTION('center_axis',(0.,0.,1.));
#2068=DIRECTION('ref_axis',(1.,0.,0.));
#2069=DIRECTION('',(1.19562479575017E-15,1.,0.));
#2070=DIRECTION('center_axis',(1.,-1.48029736616231E-13,0.));
#2071=DIRECTION('ref_axis',(1.48029736616231E-13,1.,0.));
#2072=DIRECTION('',(1.48029736616231E-13,1.,0.));
#2073=DIRECTION('center_axis',(-1.,0.,0.));
#2074=DIRECTION('ref_axis',(0.,-1.,0.));
#2075=DIRECTION('',(0.,-1.,0.));
#2076=DIRECTION('center_axis',(0.,0.,1.));
#2077=DIRECTION('ref_axis',(1.,0.,0.));
#2078=DIRECTION('center_axis',(0.,1.,0.));
#2079=DIRECTION('ref_axis',(-1.,0.,0.));
#2080=DIRECTION('',(0.,0.,1.));
#2081=DIRECTION('',(-1.,0.,0.));
#2082=DIRECTION('',(0.,0.,1.));
#2083=DIRECTION('center_axis',(1.,-3.70074341542546E-16,0.));
#2084=DIRECTION('ref_axis',(3.70074341542546E-16,1.,0.));
#2085=DIRECTION('',(0.,0.,1.));
#2086=DIRECTION('',(3.70074341542546E-16,1.,0.));
#2087=DIRECTION('',(0.,0.,1.));
#2088=DIRECTION('center_axis',(1.,-1.93082265152201E-16,0.));
#2089=DIRECTION('ref_axis',(1.93082265152201E-16,1.,0.));
#2090=DIRECTION('',(1.93082265152201E-16,1.,0.));
#2091=DIRECTION('',(0.,0.,1.));
#2092=DIRECTION('center_axis',(1.1686558153949E-16,1.,0.));
#2093=DIRECTION('ref_axis',(-1.,1.1686558153949E-16,0.));
#2094=DIRECTION('',(-1.,1.1686558153949E-16,0.));
#2095=DIRECTION('center_axis',(0.,0.,1.));
#2096=DIRECTION('ref_axis',(1.,0.,0.));
#2097=DIRECTION('',(-5.12410626750072E-16,-1.,0.));
#2098=DIRECTION('',(1.,-3.24943324280534E-16,0.));
#2099=DIRECTION('center_axis',(-3.24943324280534E-16,-1.,0.));
#2100=DIRECTION('ref_axis',(1.,-3.24943324280534E-16,0.));
#2101=DIRECTION('',(0.,0.,1.));
#2102=DIRECTION('',(0.,0.,1.));
#2103=DIRECTION('',(1.,-3.24943324280534E-16,0.));
#2104=DIRECTION('',(0.,0.,1.));
#2105=DIRECTION('center_axis',(-1.,0.,0.));
#2106=DIRECTION('ref_axis',(0.,-1.,0.));
#2107=DIRECTION('',(0.,-1.,0.));
#2108=DIRECTION('center_axis',(0.,1.,0.));
#2109=DIRECTION('ref_axis',(-1.,0.,0.));
#2110=DIRECTION('',(0.,0.,1.));
#2111=DIRECTION('',(-1.,0.,0.));
#2112=DIRECTION('',(0.,0.,1.));
#2113=DIRECTION('center_axis',(-1.,9.65411325761005E-17,0.));
#2114=DIRECTION('ref_axis',(-9.65411325761005E-17,-1.,0.));
#2115=DIRECTION('',(-9.65411325761005E-17,-1.,0.));
#2116=DIRECTION('center_axis',(0.,0.,1.));
#2117=DIRECTION('ref_axis',(1.,0.,0.));
#2118=DIRECTION('',(1.19562479575017E-15,1.,0.));
#2119=DIRECTION('center_axis',(1.,-1.19562479575017E-15,0.));
#2120=DIRECTION('ref_axis',(1.19562479575017E-15,1.,0.));
#2121=DIRECTION('center_axis',(-5.84327907697451E-17,-1.,0.));
#2122=DIRECTION('ref_axis',(1.,-5.84327907697451E-17,0.));
#2123=DIRECTION('',(0.,0.,1.));
#2124=DIRECTION('',(1.,-5.84327907697451E-17,0.));
#2125=DIRECTION('',(0.,0.,1.));
#2126=DIRECTION('center_axis',(1.,0.,0.));
#2127=DIRECTION('ref_axis',(0.,1.,0.));
#2128=DIRECTION('',(0.,1.,0.));
#2129=DIRECTION('center_axis',(-1.,0.,0.));
#2130=DIRECTION('ref_axis',(0.,-1.,0.));
#2131=DIRECTION('',(0.,-1.,0.));
#2132=DIRECTION('center_axis',(0.,0.,1.));
#2133=DIRECTION('ref_axis',(1.,0.,0.));
#2134=DIRECTION('center_axis',(-1.,5.12410626750072E-16,0.));
#2135=DIRECTION('ref_axis',(-5.12410626750072E-16,-1.,0.));
#2136=DIRECTION('center_axis',(0.,1.,0.));
#2137=DIRECTION('ref_axis',(-0.707106781186549,0.,0.707106781186546));
#2138=DIRECTION('',(0.,1.,0.));
#2139=DIRECTION('center_axis',(0.,-1.,0.));
#2140=DIRECTION('ref_axis',(0.,0.,1.));
#2141=DIRECTION('',(0.,-1.,0.));
#2142=DIRECTION('center_axis',(-0.707106781186546,0.707106781186549,0.));
#2143=DIRECTION('ref_axis',(-0.707106781186549,-0.707106781186546,0.));
#2144=DIRECTION('center_axis',(1.,0.,0.));
#2145=DIRECTION('ref_axis',(0.,0.,-1.));
#2146=DIRECTION('center_axis',(0.,1.,0.));
#2147=DIRECTION('ref_axis',(0.,0.,-1.));
#2148=DIRECTION('center_axis',(1.,0.,0.));
#2149=DIRECTION('ref_axis',(0.,1.,0.));
#2150=DIRECTION('center_axis',(-1.,0.,0.));
#2151=DIRECTION('ref_axis',(0.,1.,0.));
#2152=DIRECTION('center_axis',(0.,-1.,0.));
#2153=DIRECTION('ref_axis',(-0.707106781186548,0.,-0.707106781186548));
#2154=DIRECTION('',(0.,1.,0.));
#2155=DIRECTION('',(0.,-1.,0.));
#2156=DIRECTION('center_axis',(-0.707106781186546,0.707106781186549,0.));
#2157=DIRECTION('ref_axis',(0.707106781186549,0.707106781186546,0.));
#2158=DIRECTION('center_axis',(1.,0.,0.));
#2159=DIRECTION('ref_axis',(0.,-0.707106781186548,0.707106781186548));
#2160=DIRECTION('',(-1.,0.,0.));
#2161=DIRECTION('',(1.,0.,0.));
#2162=DIRECTION('center_axis',(-0.707106781186546,-0.707106781186549,0.));
#2163=DIRECTION('ref_axis',(-0.707106781186549,0.707106781186546,0.));
#2164=DIRECTION('center_axis',(1.,0.,0.));
#2165=DIRECTION('ref_axis',(0.,-0.707106781186546,-0.707106781186549));
#2166=DIRECTION('',(-1.,0.,0.));
#2167=DIRECTION('',(1.,0.,0.));
#2168=DIRECTION('center_axis',(-0.707106781186546,-0.707106781186549,0.));
#2169=DIRECTION('ref_axis',(-0.707106781186549,0.707106781186546,0.));
#2170=DIRECTION('center_axis',(0.,1.,0.));
#2171=DIRECTION('ref_axis',(0.707106781186548,0.,-0.707106781186548));
#2172=DIRECTION('',(0.,1.,0.));
#2173=DIRECTION('center_axis',(0.,-1.,0.));
#2174=DIRECTION('ref_axis',(0.,0.,-1.));
#2175=DIRECTION('',(0.,-1.,0.));
#2176=DIRECTION('center_axis',(1.,0.,0.));
#2177=DIRECTION('ref_axis',(0.,0.,-1.));
#2178=DIRECTION('center_axis',(0.,1.,0.));
#2179=DIRECTION('ref_axis',(0.,0.,1.));
#2180=DIRECTION('center_axis',(-1.,0.,0.));
#2181=DIRECTION('ref_axis',(0.,1.,0.));
#2182=DIRECTION('center_axis',(1.,0.,0.));
#2183=DIRECTION('ref_axis',(0.,1.,0.));
#2184=DIRECTION('center_axis',(0.,-1.,0.));
#2185=DIRECTION('ref_axis',(0.707106781186549,0.,0.707106781186546));
#2186=DIRECTION('',(0.,1.,0.));
#2187=DIRECTION('',(0.,-1.,0.));
#2188=DIRECTION('center_axis',(0.,0.,-1.));
#2189=DIRECTION('ref_axis',(0.,1.,0.));
#2190=DIRECTION('',(1.,0.,0.));
#2191=DIRECTION('center_axis',(1.,0.,0.));
#2192=DIRECTION('ref_axis',(0.,1.,0.));
#2193=DIRECTION('',(0.,0.,-1.));
#2194=DIRECTION('center_axis',(0.,-1.,0.));
#2195=DIRECTION('ref_axis',(0.,0.,-1.));
#2196=DIRECTION('',(0.,0.,1.));
#2197=DIRECTION('center_axis',(0.,0.,1.));
#2198=DIRECTION('ref_axis',(0.,-1.,0.));
#2199=DIRECTION('',(1.,0.,0.));
#2200=DIRECTION('center_axis',(1.,0.,0.));
#2201=DIRECTION('ref_axis',(0.,0.,-1.));
#2202=DIRECTION('center_axis',(1.,0.,0.));
#2203=DIRECTION('ref_axis',(0.,1.,0.));
#2204=DIRECTION('center_axis',(0.,-1.,0.));
#2205=DIRECTION('ref_axis',(-0.707106781186544,0.,0.707106781186551));
#2206=DIRECTION('',(0.,-1.,0.));
#2207=DIRECTION('center_axis',(0.,1.,0.));
#2208=DIRECTION('ref_axis',(-1.,0.,0.));
#2209=DIRECTION('',(0.,1.,0.));
#2210=DIRECTION('center_axis',(-0.707106781186548,-0.707106781186548,0.));
#2211=DIRECTION('ref_axis',(-0.707106781186547,0.707106781186547,0.));
#2212=DIRECTION('center_axis',(1.,0.,0.));
#2213=DIRECTION('ref_axis',(0.,0.,-1.));
#2214=DIRECTION('center_axis',(0.,-1.,0.));
#2215=DIRECTION('ref_axis',(-1.,0.,0.));
#2216=DIRECTION('center_axis',(-1.,0.,0.));
#2217=DIRECTION('ref_axis',(0.,-1.,0.));
#2218=DIRECTION('center_axis',(1.,0.,0.));
#2219=DIRECTION('ref_axis',(0.,-1.,0.));
#2220=DIRECTION('center_axis',(0.,1.,0.));
#2221=DIRECTION('ref_axis',(-0.707106781186546,0.,-0.707106781186549));
#2222=DIRECTION('',(0.,-1.,0.));
#2223=DIRECTION('',(0.,1.,0.));
#2224=DIRECTION('center_axis',(-0.707106781186548,-0.707106781186548,0.));
#2225=DIRECTION('ref_axis',(0.707106781186548,-0.707106781186548,0.));
#2226=DIRECTION('center_axis',(1.,0.,0.));
#2227=DIRECTION('ref_axis',(0.,0.707106781186544,0.707106781186551));
#2228=DIRECTION('',(-1.,0.,0.));
#2229=DIRECTION('',(1.,0.,0.));
#2230=DIRECTION('center_axis',(-0.707106781186544,0.707106781186551,0.));
#2231=DIRECTION('ref_axis',(-0.707106781186551,-0.707106781186544,0.));
#2232=DIRECTION('center_axis',(1.,0.,0.));
#2233=DIRECTION('ref_axis',(0.,0.707106781186546,-0.707106781186549));
#2234=DIRECTION('',(-1.,0.,0.));
#2235=DIRECTION('',(1.,0.,0.));
#2236=DIRECTION('center_axis',(-0.707106781186544,0.707106781186551,0.));
#2237=DIRECTION('ref_axis',(-0.707106781186551,-0.707106781186544,0.));
#2238=DIRECTION('center_axis',(0.,-1.,0.));
#2239=DIRECTION('ref_axis',(0.707106781186551,0.,0.707106781186544));
#2240=DIRECTION('',(0.,-1.,0.));
#2241=DIRECTION('center_axis',(0.,1.,0.));
#2242=DIRECTION('ref_axis',(0.,0.,1.));
#2243=DIRECTION('',(0.,1.,0.));
#2244=DIRECTION('center_axis',(1.,0.,0.));
#2245=DIRECTION('ref_axis',(0.,0.,-1.));
#2246=DIRECTION('center_axis',(0.,-1.,0.));
#2247=DIRECTION('ref_axis',(0.,0.,-1.));
#2248=DIRECTION('center_axis',(-1.,0.,0.));
#2249=DIRECTION('ref_axis',(0.,-1.,0.));
#2250=DIRECTION('center_axis',(1.,0.,0.));
#2251=DIRECTION('ref_axis',(0.,-1.,0.));
#2252=DIRECTION('center_axis',(0.,1.,0.));
#2253=DIRECTION('ref_axis',(0.707106781186552,0.,-0.707106781186543));
#2254=DIRECTION('',(0.,-1.,0.));
#2255=DIRECTION('',(0.,1.,0.));
#2256=DIRECTION('center_axis',(0.,0.,1.));
#2257=DIRECTION('ref_axis',(0.,-1.,0.));
#2258=DIRECTION('',(1.,0.,0.));
#2259=DIRECTION('center_axis',(1.,0.,0.));
#2260=DIRECTION('ref_axis',(0.,0.,1.));
#2261=DIRECTION('',(1.,0.,0.));
#2262=DIRECTION('center_axis',(1.,0.,0.));
#2263=DIRECTION('ref_axis',(0.,1.,0.));
#2264=DIRECTION('',(0.,0.,1.));
#2265=DIRECTION('center_axis',(0.,1.,0.));
#2266=DIRECTION('ref_axis',(0.,0.,1.));
#2267=DIRECTION('',(0.,0.,1.));
#2268=DIRECTION('center_axis',(0.,0.,-1.));
#2269=DIRECTION('ref_axis',(0.,1.,0.));
#2270=DIRECTION('center_axis',(1.,0.,0.));
#2271=DIRECTION('ref_axis',(0.,1.,0.));
#2272=DIRECTION('center_axis',(-1.,0.,0.));
#2273=DIRECTION('ref_axis',(0.,0.707106781186548,0.707106781186548));
#2274=DIRECTION('',(1.,0.,0.));
#2275=DIRECTION('center_axis',(-0.707106781186548,0.707106781186548,0.));
#2276=DIRECTION('ref_axis',(0.707106781186548,0.707106781186548,0.));
#2277=DIRECTION('',(-1.,0.,0.));
#2278=DIRECTION('center_axis',(0.707106781186544,0.707106781186551,0.));
#2279=DIRECTION('ref_axis',(0.707106781186551,-0.707106781186544,0.));
#2280=DIRECTION('center_axis',(0.,-1.,0.));
#2281=DIRECTION('ref_axis',(0.707106781186544,0.,0.707106781186551));
#2282=DIRECTION('',(0.,-1.,0.));
#2283=DIRECTION('center_axis',(0.,1.,0.));
#2284=DIRECTION('ref_axis',(0.,0.,1.));
#2285=DIRECTION('',(0.,1.,0.));
#2286=DIRECTION('center_axis',(1.,0.,0.));
#2287=DIRECTION('ref_axis',(0.,0.,-1.));
#2288=DIRECTION('center_axis',(0.,-1.,0.));
#2289=DIRECTION('ref_axis',(0.,0.,-1.));
#2290=DIRECTION('center_axis',(-1.,0.,0.));
#2291=DIRECTION('ref_axis',(0.,-1.,0.));
#2292=DIRECTION('center_axis',(1.,0.,0.));
#2293=DIRECTION('ref_axis',(0.,-1.,0.));
#2294=DIRECTION('center_axis',(0.,1.,0.));
#2295=DIRECTION('ref_axis',(0.707106781186546,0.,-0.707106781186549));
#2296=DIRECTION('',(0.,-1.,0.));
#2297=DIRECTION('',(0.,1.,0.));
#2298=DIRECTION('center_axis',(0.707106781186548,-0.707106781186548,0.));
#2299=DIRECTION('ref_axis',(-0.707106781186548,-0.707106781186548,0.));
#2300=DIRECTION('center_axis',(-1.,0.,0.));
#2301=DIRECTION('ref_axis',(0.,0.707106781186546,-0.707106781186549));
#2302=DIRECTION('',(1.,0.,0.));
#2303=DIRECTION('',(-1.,0.,0.));
#2304=DIRECTION('center_axis',(0.707106781186544,0.707106781186551,0.));
#2305=DIRECTION('ref_axis',(0.707106781186551,-0.707106781186544,0.));
#2306=DIRECTION('center_axis',(0.,-1.,0.));
#2307=DIRECTION('ref_axis',(-0.707106781186552,0.,-0.707106781186543));
#2308=DIRECTION('',(0.,-1.,0.));
#2309=DIRECTION('center_axis',(0.,1.,0.));
#2310=DIRECTION('ref_axis',(0.,0.,-1.));
#2311=DIRECTION('',(0.,1.,0.));
#2312=DIRECTION('center_axis',(-1.,0.,0.));
#2313=DIRECTION('ref_axis',(0.,0.,1.));
#2314=DIRECTION('center_axis',(0.,-1.,0.));
#2315=DIRECTION('ref_axis',(0.,0.,1.));
#2316=DIRECTION('center_axis',(1.,0.,0.));
#2317=DIRECTION('ref_axis',(0.,-1.,0.));
#2318=DIRECTION('center_axis',(-1.,0.,0.));
#2319=DIRECTION('ref_axis',(0.,-1.,0.));
#2320=DIRECTION('center_axis',(0.,1.,0.));
#2321=DIRECTION('ref_axis',(-0.707106781186551,0.,0.707106781186544));
#2322=DIRECTION('',(0.,-1.,0.));
#2323=DIRECTION('',(0.,1.,0.));
#2324=DIRECTION('center_axis',(1.,0.,0.));
#2325=DIRECTION('ref_axis',(0.,1.,0.));
#2326=DIRECTION('',(0.,0.,-1.));
#2327=DIRECTION('center_axis',(-1.,0.,0.));
#2328=DIRECTION('ref_axis',(0.,0.,1.));
#2329=DIRECTION('',(-1.,0.,0.));
#2330=DIRECTION('',(-1.,0.,0.));
#2331=DIRECTION('center_axis',(0.,0.,1.));
#2332=DIRECTION('ref_axis',(0.,1.,0.));
#2333=DIRECTION('center_axis',(0.,0.,-1.));
#2334=DIRECTION('ref_axis',(0.,-1.,0.));
#2335=DIRECTION('center_axis',(0.,1.,0.));
#2336=DIRECTION('ref_axis',(0.,0.,-1.));
#2337=DIRECTION('',(0.,0.,1.));
#2338=DIRECTION('center_axis',(1.,0.,0.));
#2339=DIRECTION('ref_axis',(0.,1.,0.));
#2340=CARTESIAN_POINT('',(0.,0.,0.));
#2341=CARTESIAN_POINT('Origin',(5.12500000001475,8.59999999999828,4.75));
#2342=CARTESIAN_POINT('',(4.47500000001475,8.59999999999828,5.));
#2343=CARTESIAN_POINT('Origin',(5.12500000001475,8.59999999999828,5.));
#2344=CARTESIAN_POINT('',(4.22500000001475,8.59999999999828,4.75));
#2345=CARTESIAN_POINT('Origin',(4.47500000001475,8.59999999999828,4.75));
#2346=CARTESIAN_POINT('Origin',(5.12500000001475,8.59999999999828,4.75));
#2347=CARTESIAN_POINT('Origin',(5.12500000001475,8.59999999999828,0.));
#2348=CARTESIAN_POINT('',(4.22500000001475,8.59999999999828,3.));
#2349=CARTESIAN_POINT('',(4.22500000001475,8.59999999999828,0.));
#2350=CARTESIAN_POINT('',(6.02500000001475,8.59999999999828,3.));
#2351=CARTESIAN_POINT('Origin',(5.12500000001475,8.59999999999828,3.));
#2352=CARTESIAN_POINT('Origin',(5.12500000001475,8.59999999999828,3.));
#2353=CARTESIAN_POINT('Origin',(5.12500000001475,8.59999999999828,5.));
#2354=CARTESIAN_POINT('Origin',(-5.12499999999723,8.59999999999401,4.75));
#2355=CARTESIAN_POINT('',(-5.77499999999723,8.59999999999401,5.));
#2356=CARTESIAN_POINT('Origin',(-5.12499999999723,8.59999999999401,5.));
#2357=CARTESIAN_POINT('',(-6.02499999999723,8.59999999999401,4.75));
#2358=CARTESIAN_POINT('Origin',(-5.77499999999723,8.59999999999401,4.75));
#2359=CARTESIAN_POINT('Origin',(-5.12499999999723,8.59999999999401,4.75));
#2360=CARTESIAN_POINT('Origin',(-5.12499999999723,8.59999999999401,0.));
#2361=CARTESIAN_POINT('',(-6.02499999999722,8.59999999999401,3.));
#2362=CARTESIAN_POINT('',(-6.02499999999723,8.59999999999401,0.));
#2363=CARTESIAN_POINT('Origin',(-5.12499999999723,8.59999999999401,3.));
#2364=CARTESIAN_POINT('Origin',(-5.12499999999723,8.59999999999401,5.));
#2365=CARTESIAN_POINT('Origin',(7.38076266770804E-12,-1.67421632113474E-12,
3.));
#2366=CARTESIAN_POINT('',(6.02500000001476,11.4999999999983,3.));
#2367=CARTESIAN_POINT('',(6.02500000001475,11.4999999999875,3.));
#2368=CARTESIAN_POINT('',(-6.02499999999722,11.4999999999983,3.));
#2369=CARTESIAN_POINT('',(-6.74999984912205,11.4999999999983,3.));
#2370=CARTESIAN_POINT('',(-6.02499999999722,-11.5000000000017,3.));
#2371=CARTESIAN_POINT('',(-6.025,-11.5000000000017,3.));
#2372=CARTESIAN_POINT('',(-6.02499999999722,-11.5000000000017,3.));
#2373=CARTESIAN_POINT('',(2.5,-11.5000000000017,3.));
#2374=CARTESIAN_POINT('',(1.25000000000369,-11.5000000000017,3.));
#2375=CARTESIAN_POINT('',(3.,-11.5000000000017,3.));
#2376=CARTESIAN_POINT('',(19.0000000000028,-11.5000000000017,3.));
#2377=CARTESIAN_POINT('',(5.,-11.5000000000017,3.));
#2378=CARTESIAN_POINT('',(2.50000000000369,-11.5000000000017,3.));
#2379=CARTESIAN_POINT('',(5.5,-11.5000000000017,3.));
#2380=CARTESIAN_POINT('',(19.0000000000028,-11.5000000000017,3.));
#2381=CARTESIAN_POINT('',(6.02500000001475,-11.5000000000017,3.));
#2382=CARTESIAN_POINT('',(9.50000000000507,-11.5000000000017,3.));
#2383=CARTESIAN_POINT('',(6.02500000001475,11.4999999999875,3.));
#2384=CARTESIAN_POINT('Origin',(-6.02499999999722,11.4999999999983,0.));
#2385=CARTESIAN_POINT('',(-6.02499999999722,11.4999999999983,1.25));
#2386=CARTESIAN_POINT('',(-6.02499999999722,11.4999999999983,0.));
#2387=CARTESIAN_POINT('',(-6.025,-11.5000000000017,1.25));
#2388=CARTESIAN_POINT('',(-6.02499999999722,5.75,1.25));
#2389=CARTESIAN_POINT('',(-6.02499999999722,-11.5000000000017,0.));
#2390=CARTESIAN_POINT('Origin',(-6.025,-11.5000000000017,0.));
#2391=CARTESIAN_POINT('',(2.5,-11.5000000000017,1.25));
#2392=CARTESIAN_POINT('',(2.5,-11.5000000000017,0.));
#2393=CARTESIAN_POINT('',(3.,-11.5000000000017,1.25));
#2394=CARTESIAN_POINT('',(-3.01249999999861,-11.5000000000017,1.25));
#2395=CARTESIAN_POINT('',(3.,-11.5000000000017,0.));
#2396=CARTESIAN_POINT('Origin',(-6.025,-11.5000000000017,0.));
#2397=CARTESIAN_POINT('',(5.5,-11.5000000000017,1.25));
#2398=CARTESIAN_POINT('',(5.5,-11.5000000000017,0.));
#2399=CARTESIAN_POINT('',(5.,-11.4999999999927,1.25));
#2400=CARTESIAN_POINT('',(5.,-11.4999999999927,0.));
#2401=CARTESIAN_POINT('',(-3.01249999999861,-11.5000000000017,1.25));
#2402=CARTESIAN_POINT('Origin',(6.02500000001475,8.59999999999828,0.));
#2403=CARTESIAN_POINT('',(6.02500000001476,11.4999999999983,1.25));
#2404=CARTESIAN_POINT('',(6.02500000001475,-11.5000000000017,1.25));
#2405=CARTESIAN_POINT('',(6.02500000001475,-5.74999999999508,1.25));
#2406=CARTESIAN_POINT('',(6.02500000001475,11.4999999999983,0.));
#2407=CARTESIAN_POINT('',(6.02500000001475,-11.5000000000017,0.));
#2408=CARTESIAN_POINT('Origin',(-13.4999996982515,11.4999999999983,0.));
#2409=CARTESIAN_POINT('',(13.4999996982678,11.499999999997,1.25));
#2410=CARTESIAN_POINT('',(-6.74999984912436,11.4999999999983,1.25));
#2411=CARTESIAN_POINT('',(13.4999996982678,11.499999999997,5.));
#2412=CARTESIAN_POINT('',(13.4999996982678,11.499999999997,0.));
#2413=CARTESIAN_POINT('',(-13.4999996982515,11.4999999999983,5.));
#2414=CARTESIAN_POINT('',(-18.9999999999972,11.4999999999983,5.));
#2415=CARTESIAN_POINT('',(-13.4999996982515,11.4999999999983,1.25));
#2416=CARTESIAN_POINT('',(-13.4999996982515,11.4999999999983,0.));
#2417=CARTESIAN_POINT('',(-6.74999984912436,11.4999999999983,1.25));
#2418=CARTESIAN_POINT('Origin',(19.0000000000028,-11.5000000000017,0.));
#2419=CARTESIAN_POINT('',(5.5,-11.5000000000017,5.));
#2420=CARTESIAN_POINT('',(5.5,-11.5000000000017,0.));
#2421=CARTESIAN_POINT('',(19.0000000000028,-11.5000000000017,5.));
#2422=CARTESIAN_POINT('',(19.0000000000028,-11.5000000000017,5.));
#2423=CARTESIAN_POINT('',(19.0000000000028,-11.5000000000017,1.25));
#2424=CARTESIAN_POINT('',(19.0000000000028,-11.5000000000017,0.));
#2425=CARTESIAN_POINT('',(9.50000000000277,-11.5000000000017,1.25));
#2426=CARTESIAN_POINT('Origin',(2.77111666946439E-12,1.67199587508549E-12,
1.25));
#2427=CARTESIAN_POINT('',(5.,-12.9999999999983,1.25));
#2428=CARTESIAN_POINT('',(5.,-6.49999999999833,1.25));
#2429=CARTESIAN_POINT('',(5.5,-13.0000001937246,1.25));
#2430=CARTESIAN_POINT('',(20.5000000000027,-12.9999999999983,1.25));
#2431=CARTESIAN_POINT('',(5.5,-5.75,1.25));
#2432=CARTESIAN_POINT('Origin',(2.77111666946439E-12,1.67199587508549E-12,
1.25));
#2433=CARTESIAN_POINT('',(18.9999999999997,-3.,1.25));
#2434=CARTESIAN_POINT('',(19.0000000000028,-1.49999999999916,1.25));
#2435=CARTESIAN_POINT('',(20.5000000000027,-3.,1.25));
#2436=CARTESIAN_POINT('',(10.2500000000012,-3.,1.25));
#2437=CARTESIAN_POINT('',(20.4999999999997,3.,1.25));
#2438=CARTESIAN_POINT('',(20.5000000000028,13.0000000000017,1.25));
#2439=CARTESIAN_POINT('',(18.9999999999997,3.,1.25));
#2440=CARTESIAN_POINT('',(9.50000000000126,3.,1.25));
#2441=CARTESIAN_POINT('',(19.0000000000028,11.4999999999983,1.25));
#2442=CARTESIAN_POINT('',(19.0000000000028,5.75,1.25));
#2443=CARTESIAN_POINT('',(16.4999996312126,11.4999999999983,1.25));
#2444=CARTESIAN_POINT('',(8.24999981560769,11.4999999999983,1.25));
#2445=CARTESIAN_POINT('',(16.4999996312128,13.0000000000017,1.25));
#2446=CARTESIAN_POINT('',(16.4999996312119,6.50000000000045,1.25));
#2447=CARTESIAN_POINT('',(16.0000000000174,13.0000000000017,1.25));
#2448=CARTESIAN_POINT('',(-20.4999999999972,13.0000000000017,1.25));
#2449=CARTESIAN_POINT('',(16.0000000000172,11.4999999999976,1.25));
#2450=CARTESIAN_POINT('',(16.0000000000163,5.74999999999846,1.25));
#2451=CARTESIAN_POINT('',(14.0000000000172,11.4999999999972,1.25));
#2452=CARTESIAN_POINT('',(7.00000000000999,11.4999999999983,1.25));
#2453=CARTESIAN_POINT('',(14.0000000000174,13.0000000000017,1.25));
#2454=CARTESIAN_POINT('',(14.0000000000165,6.50000000000063,1.25));
#2455=CARTESIAN_POINT('',(13.4999996982681,13.0000000000017,1.25));
#2456=CARTESIAN_POINT('',(-20.4999999999972,13.0000000000017,1.25));
#2457=CARTESIAN_POINT('',(13.499999698267,5.74999999999836,1.25));
#2458=CARTESIAN_POINT('Origin',(2.77111666946439E-12,1.67199587508549E-12,
1.25));
#2459=CARTESIAN_POINT('',(2.5,-12.9999999999983,1.25));
#2460=CARTESIAN_POINT('',(2.5,-6.49999999999833,1.25));
#2461=CARTESIAN_POINT('',(3.,-12.9999999999983,1.25));
#2462=CARTESIAN_POINT('',(20.5000000000027,-12.9999999999983,1.25));
#2463=CARTESIAN_POINT('',(2.99999999999999,-5.75,1.25));
#2464=CARTESIAN_POINT('Origin',(2.77111666946439E-12,1.67199587508549E-12,
1.25));
#2465=CARTESIAN_POINT('',(-13.4999996982515,13.0000000000017,1.25));
#2466=CARTESIAN_POINT('',(-13.4999996982515,6.50000000000167,1.25));
#2467=CARTESIAN_POINT('',(-14.0000000000009,13.0000000000017,1.25));
#2468=CARTESIAN_POINT('',(-20.4999999999972,13.0000000000017,1.25));
#2469=CARTESIAN_POINT('',(-14.0000000000009,11.4999999999983,1.25));
#2470=CARTESIAN_POINT('',(-14.0000000000009,5.75,1.25));
#2471=CARTESIAN_POINT('',(-16.0000000000009,11.4999999999983,1.25));
#2472=CARTESIAN_POINT('',(-7.99999999999904,11.4999999999983,1.25));
#2473=CARTESIAN_POINT('',(-16.0000000000009,13.0000000000017,1.25));
#2474=CARTESIAN_POINT('',(-16.0000000000009,6.50000000000167,1.25));
#2475=CARTESIAN_POINT('',(-16.4999996311963,13.0000000000017,1.25));
#2476=CARTESIAN_POINT('',(-20.4999999999972,13.0000000000017,1.25));
#2477=CARTESIAN_POINT('',(-16.4999996311963,11.4999999999983,1.25));
#2478=CARTESIAN_POINT('',(-16.4999996311963,5.75,1.25));
#2479=CARTESIAN_POINT('',(-18.9999999999972,11.4999999999983,1.25));
#2480=CARTESIAN_POINT('',(-9.49999999999723,11.4999999999983,1.25));
#2481=CARTESIAN_POINT('',(-19.0000000000003,3.,1.25));
#2482=CARTESIAN_POINT('',(-18.9999999999972,1.50000000000084,1.25));
#2483=CARTESIAN_POINT('',(-20.4999999999898,3.,1.25));
#2484=CARTESIAN_POINT('',(-10.2499999999935,3.,1.25));
#2485=CARTESIAN_POINT('',(-20.5000000000003,-3.,1.25));
#2486=CARTESIAN_POINT('',(-20.4999999999972,-12.9999999999983,1.25));
#2487=CARTESIAN_POINT('',(-19.0000000000003,-3.,1.25));
#2488=CARTESIAN_POINT('',(-9.49999999999875,-3.,1.25));
#2489=CARTESIAN_POINT('',(-18.9999999999972,-11.5000000000017,1.25));
#2490=CARTESIAN_POINT('',(-18.9999999999972,-5.75,1.25));
#2491=CARTESIAN_POINT('',(1.25000000000138,-11.5000000000017,1.25));
#2492=CARTESIAN_POINT('Origin',(2.77111666946439E-12,1.67199587508549E-12,
0.));
#2493=CARTESIAN_POINT('',(-20.4999999999972,13.0000000000017,0.));
#2494=CARTESIAN_POINT('',(20.5000000000028,13.0000000000017,0.));
#2495=CARTESIAN_POINT('',(-20.4999999999972,13.0000000000017,0.));
#2496=CARTESIAN_POINT('',(20.5000000000027,-12.9999999999983,0.));
#2497=CARTESIAN_POINT('',(20.5000000000028,13.0000000000017,0.));
#2498=CARTESIAN_POINT('',(-20.4999999999972,-12.9999999999983,0.));
#2499=CARTESIAN_POINT('',(20.5000000000027,-12.9999999999983,0.));
#2500=CARTESIAN_POINT('',(-20.4999999999972,-12.9999999999983,0.));
#2501=CARTESIAN_POINT('Origin',(14.0000000000174,13.0000000000017,0.));
#2502=CARTESIAN_POINT('',(14.0000000000172,11.4999999999972,5.));
#2503=CARTESIAN_POINT('',(14.0000000000172,11.4999999999972,0.));
#2504=CARTESIAN_POINT('',(14.0000000000174,13.0000000000017,5.));
#2505=CARTESIAN_POINT('',(14.0000000000174,13.0000000000017,5.));
#2506=CARTESIAN_POINT('',(14.0000000000174,13.0000000000017,0.));
#2507=CARTESIAN_POINT('Origin',(14.0000000000172,11.4999999999983,0.));
#2508=CARTESIAN_POINT('',(16.0000000000172,11.4999999999976,5.));
#2509=CARTESIAN_POINT('',(16.0000000000172,11.4999999999976,0.));
#2510=CARTESIAN_POINT('',(-18.9999999999972,11.4999999999983,5.));
#2511=CARTESIAN_POINT('Origin',(16.0000000000172,11.4999999999976,0.));
#2512=CARTESIAN_POINT('',(16.0000000000174,13.0000000000017,5.));
#2513=CARTESIAN_POINT('',(16.0000000000174,13.0000000000017,0.));
#2514=CARTESIAN_POINT('',(16.0000000000174,13.0000000000017,5.));
#2515=CARTESIAN_POINT('Origin',(15.0000000000173,12.2499999999994,5.));
#2516=CARTESIAN_POINT('',(-20.4999999999972,13.0000000000017,5.));
#2517=CARTESIAN_POINT('Origin',(3.,-11.5000000000017,0.));
#2518=CARTESIAN_POINT('',(3.,-12.9999999999983,5.));
#2519=CARTESIAN_POINT('',(3.,-12.9999999999983,0.));
#2520=CARTESIAN_POINT('',(3.,-11.5000000000017,5.));
#2521=CARTESIAN_POINT('',(3.,-11.5000000000017,5.));
#2522=CARTESIAN_POINT('',(3.,-11.5000000000017,0.));
#2523=CARTESIAN_POINT('Origin',(5.,-11.5000000000017,0.));
#2524=CARTESIAN_POINT('',(5.,-11.4999999999927,5.));
#2525=CARTESIAN_POINT('',(19.0000000000028,-11.5000000000017,5.));
#2526=CARTESIAN_POINT('',(5.,-11.4999999999927,0.));
#2527=CARTESIAN_POINT('Origin',(5.,-12.9999999999983,0.));
#2528=CARTESIAN_POINT('',(5.,-12.9999999999983,5.));
#2529=CARTESIAN_POINT('',(5.,-11.4999999999927,5.));
#2530=CARTESIAN_POINT('',(5.,-12.9999999999983,0.));
#2531=CARTESIAN_POINT('Origin',(4.,-12.2499999999955,5.));
#2532=CARTESIAN_POINT('',(20.5000000000027,-12.9999999999983,5.));
#2533=CARTESIAN_POINT('Origin',(-16.4999996311963,11.4999999999983,0.));
#2534=CARTESIAN_POINT('',(-16.4999996311963,13.0000000000017,5.));
#2535=CARTESIAN_POINT('',(-16.4999996311963,13.0000000000017,0.));
#2536=CARTESIAN_POINT('',(-16.4999996311963,11.4999999999983,5.));
#2537=CARTESIAN_POINT('',(-16.4999996311963,13.0000000000017,5.));
#2538=CARTESIAN_POINT('',(-16.4999996311963,11.4999999999983,0.));
#2539=CARTESIAN_POINT('Origin',(-18.9999999999972,11.4999999999983,0.));
#2540=CARTESIAN_POINT('',(-18.9999999999972,11.4999999999983,5.));
#2541=CARTESIAN_POINT('',(-18.9999999999972,11.4999999999983,5.));
#2542=CARTESIAN_POINT('',(-18.9999999999972,11.4999999999983,0.));
#2543=CARTESIAN_POINT('Origin',(-18.9999999999972,3.,0.));
#2544=CARTESIAN_POINT('',(-19.0000000000003,3.,5.));
#2545=CARTESIAN_POINT('',(-18.9999999999972,-11.5000000000017,5.));
#2546=CARTESIAN_POINT('',(-19.0000000000003,3.,0.));
#2547=CARTESIAN_POINT('Origin',(-20.4999999999898,3.,0.));
#2548=CARTESIAN_POINT('',(-20.4999999999898,3.,5.));
#2549=CARTESIAN_POINT('',(-20.4999999999898,3.,5.));
#2550=CARTESIAN_POINT('',(-20.4999999999898,3.,0.));
#2551=CARTESIAN_POINT('Origin',(-18.4999998155967,8.00000000000084,5.));
#2552=CARTESIAN_POINT('',(-20.4999999999972,13.0000000000017,5.));
#2553=CARTESIAN_POINT('',(-20.4999999999972,13.0000000000017,5.));
#2554=CARTESIAN_POINT('',(-20.4999999999972,-12.9999999999983,5.));
#2555=CARTESIAN_POINT('Origin',(20.5000000000028,13.0000000000017,0.));
#2556=CARTESIAN_POINT('',(-20.4999999999972,13.0000000000017,0.));
#2557=CARTESIAN_POINT('',(-16.0000000000009,13.0000000000017,5.));
#2558=CARTESIAN_POINT('',(-16.0000000000009,13.0000000000017,0.));
#2559=CARTESIAN_POINT('',(-14.0000000000009,13.0000000000017,5.));
#2560=CARTESIAN_POINT('',(-20.4999999999972,13.0000000000017,5.));
#2561=CARTESIAN_POINT('',(-14.0000000000009,13.0000000000017,0.));
#2562=CARTESIAN_POINT('',(-13.4999996982515,13.0000000000017,5.));
#2563=CARTESIAN_POINT('',(-13.4999996982515,13.0000000000017,0.));
#2564=CARTESIAN_POINT('',(13.4999996982681,13.0000000000017,5.));
#2565=CARTESIAN_POINT('',(-20.4999999999972,13.0000000000017,5.));
#2566=CARTESIAN_POINT('',(13.4999996982681,13.0000000000017,0.));
#2567=CARTESIAN_POINT('',(16.4999996312128,13.0000000000017,5.));
#2568=CARTESIAN_POINT('',(16.4999996312128,13.0000000000017,0.));
#2569=CARTESIAN_POINT('',(20.5000000000028,13.0000000000017,5.));
#2570=CARTESIAN_POINT('',(-20.4999999999972,13.0000000000017,5.));
#2571=CARTESIAN_POINT('',(20.5000000000028,13.0000000000017,0.));
#2572=CARTESIAN_POINT('Origin',(18.9999999999997,3.,0.));
#2573=CARTESIAN_POINT('',(20.4999999999997,3.,5.));
#2574=CARTESIAN_POINT('',(20.4999999999997,3.,0.));
#2575=CARTESIAN_POINT('',(18.9999999999997,3.,5.));
#2576=CARTESIAN_POINT('',(18.9999999999997,3.,5.));
#2577=CARTESIAN_POINT('',(18.9999999999997,3.,0.));
#2578=CARTESIAN_POINT('Origin',(19.0000000000028,11.4999999999983,0.));
#2579=CARTESIAN_POINT('',(19.0000000000028,11.4999999999983,5.));
#2580=CARTESIAN_POINT('',(19.0000000000028,11.4999999999983,5.));
#2581=CARTESIAN_POINT('',(19.0000000000028,11.4999999999983,0.));
#2582=CARTESIAN_POINT('Origin',(16.4999996312126,11.4999999999983,0.));
#2583=CARTESIAN_POINT('',(16.4999996312126,11.4999999999983,5.));
#2584=CARTESIAN_POINT('',(-18.9999999999972,11.4999999999983,5.));
#2585=CARTESIAN_POINT('',(16.4999996312126,11.4999999999983,0.));
#2586=CARTESIAN_POINT('Origin',(16.4999996312128,13.0000000000017,0.));
#2587=CARTESIAN_POINT('',(16.4999996312128,13.0000000000017,5.));
#2588=CARTESIAN_POINT('Origin',(18.4999998156077,8.00000000000083,5.));
#2589=CARTESIAN_POINT('',(20.5000000000028,13.0000000000017,5.));
#2590=CARTESIAN_POINT('Origin',(13.4999996982678,11.499999999997,0.));
#2591=CARTESIAN_POINT('',(13.4999996982681,13.0000000000017,5.));
#2592=CARTESIAN_POINT('Origin',(-13.4999996982515,13.0000000000017,0.));
#2593=CARTESIAN_POINT('',(-13.4999996982515,13.0000000000017,5.));
#2594=CARTESIAN_POINT('Origin',(8.28226376370367E-12,12.2499999999994,5.));
#2595=CARTESIAN_POINT('Origin',(-19.0000000000003,-3.,0.));
#2596=CARTESIAN_POINT('',(-20.5000000000003,-3.,5.));
#2597=CARTESIAN_POINT('',(-20.5000000000003,-3.,0.));
#2598=CARTESIAN_POINT('',(-19.0000000000003,-3.,5.));
#2599=CARTESIAN_POINT('',(-20.5000000000003,-3.,5.));
#2600=CARTESIAN_POINT('',(-19.0000000000003,-3.,0.));
#2601=CARTESIAN_POINT('Origin',(2.5,-12.9999999999983,0.));
#2602=CARTESIAN_POINT('',(2.5,-11.5000000000017,5.));
#2603=CARTESIAN_POINT('',(2.5,-11.5000000000017,0.));
#2604=CARTESIAN_POINT('',(2.5,-12.9999999999983,5.));
#2605=CARTESIAN_POINT('',(2.5,-11.5000000000017,5.));
#2606=CARTESIAN_POINT('',(2.5,-12.9999999999983,0.));
#2607=CARTESIAN_POINT('Origin',(-18.9999999999972,-11.5000000000017,0.));
#2608=CARTESIAN_POINT('',(-18.9999999999972,-11.5000000000017,5.));
#2609=CARTESIAN_POINT('',(-18.9999999999972,-11.5000000000017,5.));
#2610=CARTESIAN_POINT('',(-18.9999999999972,-11.5000000000017,0.));
#2611=CARTESIAN_POINT('Origin',(2.5,-11.5000000000017,0.));
#2612=CARTESIAN_POINT('',(19.0000000000028,-11.5000000000017,5.));
#2613=CARTESIAN_POINT('Origin',(-9.00000000000013,-7.99999999999916,5.));
#2614=CARTESIAN_POINT('',(-20.4999999999972,-12.9999999999983,5.));
#2615=CARTESIAN_POINT('',(-20.4999999999972,-12.9999999999983,5.));
#2616=CARTESIAN_POINT('',(20.5000000000027,-12.9999999999983,5.));
#2617=CARTESIAN_POINT('Origin',(-20.4999999999972,-12.9999999999983,0.));
#2618=CARTESIAN_POINT('',(-20.4999999999972,-12.9999999999983,0.));
#2619=CARTESIAN_POINT('',(20.5000000000027,-12.9999999999983,5.));
#2620=CARTESIAN_POINT('',(20.5000000000027,-12.9999999999983,0.));
#2621=CARTESIAN_POINT('',(5.5,-13.0000001937246,5.));
#2622=CARTESIAN_POINT('',(20.5000000000027,-12.9999999999983,5.));
#2623=CARTESIAN_POINT('',(5.5,-13.0000001937246,0.));
#2624=CARTESIAN_POINT('Origin',(5.5,-11.5000000000017,0.));
#2625=CARTESIAN_POINT('',(5.5,-11.5000000000017,5.));
#2626=CARTESIAN_POINT('Origin',(20.4999999999997,-3.,0.));
#2627=CARTESIAN_POINT('',(18.9999999999997,-3.,5.));
#2628=CARTESIAN_POINT('',(18.9999999999997,-3.,0.));
#2629=CARTESIAN_POINT('',(20.4999999999997,-3.,5.));
#2630=CARTESIAN_POINT('',(18.9999999999997,-3.,5.));
#2631=CARTESIAN_POINT('',(20.4999999999997,-3.,0.));
#2632=CARTESIAN_POINT('Origin',(19.0000000000028,-3.,0.));
#2633=CARTESIAN_POINT('',(19.0000000000028,11.4999999999983,5.));
#2634=CARTESIAN_POINT('Origin',(13.0000000000014,-8.00000009686231,5.));
#2635=CARTESIAN_POINT('',(20.5000000000028,13.0000000000017,5.));
#2636=CARTESIAN_POINT('Origin',(20.5000000000027,-12.9999999999983,0.));
#2637=CARTESIAN_POINT('Origin',(-16.0000000000009,11.4999999999983,0.));
#2638=CARTESIAN_POINT('',(-14.0000000000009,11.4999999999983,5.));
#2639=CARTESIAN_POINT('',(-14.0000000000009,11.4999999999983,0.));
#2640=CARTESIAN_POINT('',(-16.0000000000009,11.4999999999983,5.));
#2641=CARTESIAN_POINT('',(-18.9999999999972,11.4999999999983,5.));
#2642=CARTESIAN_POINT('',(-16.0000000000009,11.4999999999983,0.));
#2643=CARTESIAN_POINT('Origin',(-14.0000000000009,11.4999999999983,0.));
#2644=CARTESIAN_POINT('',(-14.0000000000009,13.0000000000017,5.));
#2645=CARTESIAN_POINT('Origin',(-16.0000000000009,13.0000000000017,0.));
#2646=CARTESIAN_POINT('',(-16.0000000000009,13.0000000000017,5.));
#2647=CARTESIAN_POINT('Origin',(-15.0000000000009,12.25,5.));
#2648=CARTESIAN_POINT('Origin',(-20.4999999999972,13.0000000000017,0.));
#2649=CARTESIAN_POINT('Origin',(3.25,-11.6875,6.));
#2650=CARTESIAN_POINT('',(3.25,-12.75,6.25));
#2651=CARTESIAN_POINT('',(3.25,-11.5,6.25));
#2652=CARTESIAN_POINT('',(3.25,-11.6875,6.25));
#2653=CARTESIAN_POINT('',(3.,-11.5,6.));
#2654=CARTESIAN_POINT('Origin',(3.25,-11.5,6.));
#2655=CARTESIAN_POINT('',(3.,-13.,6.));
#2656=CARTESIAN_POINT('',(3.,-11.6875,6.));
#2657=CARTESIAN_POINT('Origin',(3.25,-12.75,6.));
#2658=CARTESIAN_POINT('Origin',(3.25,-11.5,5.5));
#2659=CARTESIAN_POINT('',(3.25,-11.5,4.75));
#2660=CARTESIAN_POINT('',(3.,-11.5,5.));
#2661=CARTESIAN_POINT('Origin',(3.25,-11.5,5.));
#2662=CARTESIAN_POINT('Origin',(3.,-11.5,5.5));
#2663=CARTESIAN_POINT('Origin',(3.25,-11.5,5.5));
#2664=CARTESIAN_POINT('Origin',(3.25,-12.4375,5.));
#2665=CARTESIAN_POINT('',(3.,-13.,5.));
#2666=CARTESIAN_POINT('',(3.,-12.4375,5.));
#2667=CARTESIAN_POINT('',(3.25,-12.75,4.75));
#2668=CARTESIAN_POINT('',(3.25,-12.4375,4.75));
#2669=CARTESIAN_POINT('Origin',(3.25,-12.75,5.));
#2670=CARTESIAN_POINT('Origin',(3.,-12.75,6.));
#2671=CARTESIAN_POINT('',(4.75,-12.75,6.25));
#2672=CARTESIAN_POINT('',(3.,-12.75,6.25));
#2673=CARTESIAN_POINT('',(5.,-13.,6.));
#2674=CARTESIAN_POINT('',(3.,-13.,6.));
#2675=CARTESIAN_POINT('Origin',(4.75,-12.75,6.));
#2676=CARTESIAN_POINT('Origin',(3.,-12.75,5.));
#2677=CARTESIAN_POINT('',(5.,-13.,5.));
#2678=CARTESIAN_POINT('',(3.,-13.,5.));
#2679=CARTESIAN_POINT('',(4.75,-12.75,4.75));
#2680=CARTESIAN_POINT('',(3.,-12.75,4.75));
#2681=CARTESIAN_POINT('Origin',(4.75,-12.75,5.));
#2682=CARTESIAN_POINT('Origin',(4.75,-12.4375,5.));
#2683=CARTESIAN_POINT('',(4.75,-11.5,4.75));
#2684=CARTESIAN_POINT('',(4.75,-12.4375,4.75));
#2685=CARTESIAN_POINT('',(5.,-11.5,5.));
#2686=CARTESIAN_POINT('Origin',(4.75,-11.5,5.));
#2687=CARTESIAN_POINT('',(5.,-12.4375,5.));
#2688=CARTESIAN_POINT('Origin',(4.75,-11.5,5.5));
#2689=CARTESIAN_POINT('',(4.75,-11.5,6.25));
#2690=CARTESIAN_POINT('',(5.,-11.5,6.));
#2691=CARTESIAN_POINT('Origin',(4.75,-11.5,6.));
#2692=CARTESIAN_POINT('Origin',(5.,-11.5,5.5));
#2693=CARTESIAN_POINT('Origin',(4.75,-11.5,5.5));
#2694=CARTESIAN_POINT('Origin',(4.75,-11.6875,6.));
#2695=CARTESIAN_POINT('',(5.,-11.6875,6.));
#2696=CARTESIAN_POINT('',(4.75,-11.6875,6.25));
#2697=CARTESIAN_POINT('Origin',(3.,-13.,4.75));
#2698=CARTESIAN_POINT('',(3.,-11.5,4.75));
#2699=CARTESIAN_POINT('Origin',(5.,-11.875,5.5));
#2700=CARTESIAN_POINT('',(5.,-13.,4.75));
#2701=CARTESIAN_POINT('Origin',(3.,-13.,6.25));
#2702=CARTESIAN_POINT('',(3.,-13.,4.75));
#2703=CARTESIAN_POINT('Origin',(3.,-11.5,6.25));
#2704=CARTESIAN_POINT('',(3.,-11.5,6.25));
#2705=CARTESIAN_POINT('Origin',(3.,-11.5,5.5));
#2706=CARTESIAN_POINT('Origin',(3.,-11.875,5.5));
#2707=CARTESIAN_POINT('Origin',(-15.75,12.4375000428408,6.));
#2708=CARTESIAN_POINT('',(-16.,13.,6.));
#2709=CARTESIAN_POINT('',(-16.,11.5000001713634,6.));
#2710=CARTESIAN_POINT('',(-16.,12.4375000428408,6.));
#2711=CARTESIAN_POINT('',(-15.75,11.5000001713634,6.25));
#2712=CARTESIAN_POINT('Origin',(-15.75,11.5000001713634,6.));
#2713=CARTESIAN_POINT('',(-15.75,12.75,6.25));
#2714=CARTESIAN_POINT('',(-15.75,12.4375000428408,6.25));
#2715=CARTESIAN_POINT('Origin',(-15.75,12.75,6.));
#2716=CARTESIAN_POINT('Origin',(-15.75,11.5000001713634,5.5));
#2717=CARTESIAN_POINT('',(-16.,11.5000001713634,5.));
#2718=CARTESIAN_POINT('',(-15.75,11.5000001713634,4.75));
#2719=CARTESIAN_POINT('Origin',(-15.75,11.5000001713634,5.));
#2720=CARTESIAN_POINT('Origin',(-15.75,11.5000001713634,5.5));
#2721=CARTESIAN_POINT('Origin',(-16.,11.5000001713634,5.5));
#2722=CARTESIAN_POINT('Origin',(-15.75,11.6875001285225,5.));
#2723=CARTESIAN_POINT('',(-15.75,12.75,4.75));
#2724=CARTESIAN_POINT('',(-15.75,11.6875001285225,4.75));
#2725=CARTESIAN_POINT('',(-16.,13.,5.));
#2726=CARTESIAN_POINT('',(-16.,11.6875001285225,5.));
#2727=CARTESIAN_POINT('Origin',(-15.75,12.75,5.));
#2728=CARTESIAN_POINT('Origin',(-16.,12.75,6.));
#2729=CARTESIAN_POINT('',(-14.,13.,6.));
#2730=CARTESIAN_POINT('',(-16.,13.,6.));
#2731=CARTESIAN_POINT('',(-14.25,12.75,6.25));
#2732=CARTESIAN_POINT('',(-16.,12.75,6.25));
#2733=CARTESIAN_POINT('Origin',(-14.25,12.75,6.));
#2734=CARTESIAN_POINT('Origin',(-16.,12.75,5.));
#2735=CARTESIAN_POINT('',(-14.25,12.75,4.75));
#2736=CARTESIAN_POINT('',(-16.,12.75,4.75));
#2737=CARTESIAN_POINT('',(-14.,13.,5.));
#2738=CARTESIAN_POINT('',(-16.,13.,5.));
#2739=CARTESIAN_POINT('Origin',(-14.25,12.75,5.));
#2740=CARTESIAN_POINT('Origin',(-14.25,12.4375000428408,6.));
#2741=CARTESIAN_POINT('',(-14.25,11.5000001713634,6.25));
#2742=CARTESIAN_POINT('',(-14.25,12.4375000428408,6.25));
#2743=CARTESIAN_POINT('',(-14.,11.5000001713634,6.));
#2744=CARTESIAN_POINT('Origin',(-14.25,11.5000001713634,6.));
#2745=CARTESIAN_POINT('',(-14.,12.4375000428408,6.));
#2746=CARTESIAN_POINT('Origin',(-14.25,11.5000001713634,5.5));
#2747=CARTESIAN_POINT('',(-14.25,11.5000001713634,4.75));
#2748=CARTESIAN_POINT('',(-14.,11.5000001713634,5.));
#2749=CARTESIAN_POINT('Origin',(-14.25,11.5000001713634,5.));
#2750=CARTESIAN_POINT('Origin',(-14.,11.5000001713634,5.5));
#2751=CARTESIAN_POINT('Origin',(-14.25,11.5000001713634,5.5));
#2752=CARTESIAN_POINT('Origin',(-14.25,11.6875001285225,5.));
#2753=CARTESIAN_POINT('',(-14.,11.6875001285225,5.));
#2754=CARTESIAN_POINT('',(-14.25,11.6875001285225,4.75));
#2755=CARTESIAN_POINT('Origin',(-16.,13.,6.25));
#2756=CARTESIAN_POINT('',(-16.,11.5000001713634,6.25));
#2757=CARTESIAN_POINT('Origin',(-16.,11.5000001713634,5.5));
#2758=CARTESIAN_POINT('',(-16.,11.5000001713634,4.75));
#2759=CARTESIAN_POINT('Origin',(-16.,11.8750000856817,5.5));
#2760=CARTESIAN_POINT('',(-16.,13.,4.75));
#2761=CARTESIAN_POINT('Origin',(-16.,13.,4.75));
#2762=CARTESIAN_POINT('',(-14.,13.,4.75));
#2763=CARTESIAN_POINT('Origin',(-16.,11.5000001713634,4.75));
#2764=CARTESIAN_POINT('Origin',(-14.,11.8750000856817,5.5));
#2765=CARTESIAN_POINT('Origin',(16.,12.75,6.));
#2766=CARTESIAN_POINT('',(14.25,12.75,6.25));
#2767=CARTESIAN_POINT('',(15.75,12.75,6.25));
#2768=CARTESIAN_POINT('',(16.,12.75,6.25));
#2769=CARTESIAN_POINT('',(16.,13.,6.));
#2770=CARTESIAN_POINT('Origin',(15.75,12.75,6.));
#2771=CARTESIAN_POINT('',(14.,13.,6.));
#2772=CARTESIAN_POINT('',(16.,13.,6.));
#2773=CARTESIAN_POINT('Origin',(14.25,12.75,6.));
#2774=CARTESIAN_POINT('Origin',(15.75,11.6875001285225,6.));
#2775=CARTESIAN_POINT('',(15.75,11.5000001713634,6.25));
#2776=CARTESIAN_POINT('',(15.75,11.6875001285225,6.25));
#2777=CARTESIAN_POINT('',(16.,11.5000001713634,6.));
#2778=CARTESIAN_POINT('Origin',(15.75,11.5000001713634,6.));
#2779=CARTESIAN_POINT('',(16.,11.6875001285225,6.));
#2780=CARTESIAN_POINT('Origin',(15.75,11.5000001713634,5.5));
#2781=CARTESIAN_POINT('',(15.75,11.5000001713634,4.75));
#2782=CARTESIAN_POINT('',(16.,11.5000001713634,5.));
#2783=CARTESIAN_POINT('Origin',(15.75,11.5000001713634,5.));
#2784=CARTESIAN_POINT('Origin',(16.,11.5000001713634,5.5));
#2785=CARTESIAN_POINT('Origin',(15.75,11.5000001713634,5.5));
#2786=CARTESIAN_POINT('Origin',(15.75,12.4375000428408,5.));
#2787=CARTESIAN_POINT('',(16.,13.,5.));
#2788=CARTESIAN_POINT('',(16.,12.4375000428408,5.));
#2789=CARTESIAN_POINT('',(15.75,12.75,4.75));
#2790=CARTESIAN_POINT('',(15.75,12.4375000428408,4.75));
#2791=CARTESIAN_POINT('Origin',(15.75,12.75,5.));
#2792=CARTESIAN_POINT('Origin',(16.,12.75,5.));
#2793=CARTESIAN_POINT('',(14.,13.,5.));
#2794=CARTESIAN_POINT('',(16.,13.,5.));
#2795=CARTESIAN_POINT('',(14.25,12.75,4.75));
#2796=CARTESIAN_POINT('',(16.,12.75,4.75));
#2797=CARTESIAN_POINT('Origin',(14.25,12.75,5.));
#2798=CARTESIAN_POINT('Origin',(14.25,12.4375000428408,5.));
#2799=CARTESIAN_POINT('',(14.25,11.5000001713634,4.75));
#2800=CARTESIAN_POINT('',(14.25,12.4375000428408,4.75));
#2801=CARTESIAN_POINT('',(14.,11.5000001713634,5.));
#2802=CARTESIAN_POINT('Origin',(14.25,11.5000001713634,5.));
#2803=CARTESIAN_POINT('',(14.,12.4375000428408,5.));
#2804=CARTESIAN_POINT('Origin',(14.25,11.5000001713634,5.5));
#2805=CARTESIAN_POINT('',(14.25,11.5000001713634,6.25));
#2806=CARTESIAN_POINT('',(14.,11.5000001713634,6.));
#2807=CARTESIAN_POINT('Origin',(14.25,11.5000001713634,6.));
#2808=CARTESIAN_POINT('Origin',(14.,11.5000001713634,5.5));
#2809=CARTESIAN_POINT('Origin',(14.25,11.5000001713634,5.5));
#2810=CARTESIAN_POINT('Origin',(14.25,11.6875001285225,6.));
#2811=CARTESIAN_POINT('',(14.,11.6875001285225,6.));
#2812=CARTESIAN_POINT('',(14.25,11.6875001285225,6.25));
#2813=CARTESIAN_POINT('Origin',(14.,11.8750000856817,5.5));
#2814=CARTESIAN_POINT('',(14.,13.,4.75));
#2815=CARTESIAN_POINT('Origin',(16.,11.5000001713634,5.5));
#2816=CARTESIAN_POINT('',(16.,11.5000001713634,6.25));
#2817=CARTESIAN_POINT('',(16.,11.5000001713634,4.75));
#2818=CARTESIAN_POINT('Origin',(16.,11.5000001713634,6.25));
#2819=CARTESIAN_POINT('Origin',(16.,13.,4.75));
#2820=CARTESIAN_POINT('Origin',(16.,13.,6.25));
#2821=CARTESIAN_POINT('',(16.,13.,4.75));
#2822=CARTESIAN_POINT('Origin',(16.,11.8750000856817,5.5));
#2823=UNCERTAINTY_MEASURE_WITH_UNIT(LENGTH_MEASURE(0.01),#2827,
'DISTANCE_ACCURACY_VALUE',
'Maximum model space distance between geometric entities at asserted c
onnectivities');
#2824=UNCERTAINTY_MEASURE_WITH_UNIT(LENGTH_MEASURE(0.01),#2827,
'DISTANCE_ACCURACY_VALUE',
'Maximum model space distance between geometric entities at asserted c
onnectivities');
#2825=(
GEOMETRIC_REPRESENTATION_CONTEXT(3)
GLOBAL_UNCERTAINTY_ASSIGNED_CONTEXT((#2823))
GLOBAL_UNIT_ASSIGNED_CONTEXT((#2827,#2829,#2830))
REPRESENTATION_CONTEXT('','3D')
);
#2826=(
GEOMETRIC_REPRESENTATION_CONTEXT(3)
GLOBAL_UNCERTAINTY_ASSIGNED_CONTEXT((#2824))
GLOBAL_UNIT_ASSIGNED_CONTEXT((#2827,#2829,#2830))
REPRESENTATION_CONTEXT('','3D')
);
#2827=(
LENGTH_UNIT()
NAMED_UNIT(*)
SI_UNIT(.MILLI.,.METRE.)
);
#2828=(
LENGTH_UNIT()
NAMED_UNIT(*)
SI_UNIT($,.METRE.)
);
#2829=(
NAMED_UNIT(*)
PLANE_ANGLE_UNIT()
SI_UNIT($,.RADIAN.)
);
#2830=(
NAMED_UNIT(*)
SI_UNIT($,.STERADIAN.)
SOLID_ANGLE_UNIT()
);
#2831=SHAPE_DEFINITION_REPRESENTATION(#2832,#2833);
#2832=PRODUCT_DEFINITION_SHAPE('',$,#2835);
#2833=SHAPE_REPRESENTATION('',(#1716),#2825);
#2834=PRODUCT_DEFINITION_CONTEXT('part definition',#2839,'design');
#2835=PRODUCT_DEFINITION('porte platine','porte platine v3',#2836,#2834);
#2836=PRODUCT_DEFINITION_FORMATION('',$,#2841);
#2837=PRODUCT_RELATED_PRODUCT_CATEGORY('porte platine v3',
'porte platine v3',(#2841));
#2838=APPLICATION_PROTOCOL_DEFINITION('international standard',
'ap242_managed_model_based_3d_engineering',2011,#2839);
#2839=APPLICATION_CONTEXT('Managed model based 3d engineering');
#2840=PRODUCT_CONTEXT('part definition',#2839,'mechanical');
#2841=PRODUCT('porte platine','porte platine v3',$,(#2840));
#2842=PRESENTATION_STYLE_ASSIGNMENT((#2843));
#2843=SURFACE_STYLE_USAGE(.BOTH.,#2844);
#2844=SURFACE_SIDE_STYLE('',(#2845));
#2845=SURFACE_STYLE_FILL_AREA(#2846);
#2846=FILL_AREA_STYLE('Steel - Satin',(#2847));
#2847=FILL_AREA_STYLE_COLOUR('Steel - Satin',#2848);
#2848=COLOUR_RGB('Steel - Satin',0.627450980392157,0.627450980392157,0.627450980392157);
ENDSEC;
END-ISO-10303-21;
